Sports Club Roles,Child Protection checked eg DBS?,Do you consent to Photography & Filming of your child?,Do you approve video & images of your child for Club external use?,Club Team Names,Team 1 ,Team 2,Dominant Foot,Dominant Hand,How many keepie uppies can you do?,Fav. Basketball Teams,Fav. Cricket Teams,Fav. Football (Soccer) Team,Fav. American Football Teams,Fav. Ice Hockey Teams,Preferred Positions (By Sport),,Training Frequency,Preferred Training Style,Past Injuries,Chronic Conditions,Allergies,Protective Gear Used,Sports Brand Preference,Supplements Used,,,Fav. Tennis Players,Fav. Rugby Teams,Fav. Rugby Players,Fav. Badminton Players,Fav. Squash Players,Fav. Basketball Teams,Fav. Basketball Players,Fav. MMA Fighters,Fav. Cricket Teams,Fav. Cricket Players,Fav. Football Teams (Soccer),Fav. Football Players (Soccer),Fav. American Football Teams,Fav. American Football Players,Fav. Baseball Teams,Fav. Baseball Players,Fav. Golf Players,Fav. Ice Hockey Teams,Fav. Ice Hockey Players,Fav. Boxers,Fav. F1 Drivers,Fav. Swimmers,Fav. Entertainment & Media
Chairperson,Yes,Yes,Yes,Team 1 ,Matchday Yes,Matchday Yes,Left,Left,0-9,Argentina,Australia,Real Madrid,Dallas Cowboys,Montreal Canadiens,Football (Soccer) - Goalkeeper,,Less than once a month,Calisthenics,Concussion,Asthma,Peanuts,Helmet,"Nike (Air Zoom, Vaporfly, Mercurial)",Whey Protein,,,Novak Djokovic,New Zealand (All Blacks),Antoine Dupont,Lin Dan,Ali Farag,Argentina,LeBron James,Conor McGregor,Australia,Sachin Tendulkar,Real Madrid,Lionel Messi,Dallas Cowboys,Tom Brady,New York Yankees,Babe Ruth,Tiger Woods,Montreal Canadiens,Wayne Gretzky,Muhammad Ali,Michael Schumacher,Michael Phelps,Movies & Films
Vice Chairperson,No,No,No,Team 2,Matchday No,Matchday No,Right,Right,10-19,Australia,India,Barcelona,New England Patriots,Toronto Maple Leafs,Football (Soccer) - Centre Back,,1-2 times per month,Powerlifting,Skull Fracture,Chronic Obstructive Pulmonary Disease (COPD),Tree Nuts,Mouthguard,Nike - Vaporfly,Casein Protein,,,Carlos Alcaraz,South Africa (Springboks),Maro Itoje,Lee Chong Wei,Paul Coll,Australia,Kevin Durant,Khabib Nurmagomedov,India,Virat Kohli,Barcelona,Cristiano Ronaldo,New England Patriots,Aaron Rodgers,Boston Red Sox,Willie Mays,Jack Nicklaus,Toronto Maple Leafs,Mario Lemieux,Mike Tyson,Ayrton Senna,Ian Thorpe,TV Shows
Secretary,,,,Team 3,Training Yes,Training Yes,Both,Both,20-29,Austria,England,Manchester United,Green Bay Packers,Boston Bruins,Football (Soccer) - Full Back (Left Back),,Once a week,Functional Strength Training,Whiplash,Exercise-Induced Bronchoconstriction (EIB),Dairy,Face Shield,Nike - Mercurial,Plant-Based Protein,,,Daniil Medvedev,Australia (Wallabies),Beauden Barrett,Taufik Hidayat,Diego Elias,Austria,Giannis Antetokounmpo,Jon Jones,England,Ricky Ponting,Manchester United,Neymar Jr.,Green Bay Packers,Patrick Mahomes,Los Angeles Dodgers,Hank Aaron,Arnold Palmer,Boston Bruins,Bobby Orr,Floyd Mayweather Jr.,Lewis Hamilton,Mark Spitz,Music
Treasurer,,,,,Training No,Training No,,,30-39,Belgium,South Africa,Liverpool,Pittsburgh Steelers,Chicago Blackhawks,Football (Soccer) - Full Back (Right Back),,2-3 times per week,Resistance Bands Training,Neck Strain,Hypertension (High Blood Pressure),Eggs,Sports Goggles,Adidas - Ultraboost,Egg White Protein,,,Jannik Sinner,England,Cheslin Kolbe,Kento Momota,Mostafa Asal,Belgium,Stephen Curry,Israel Adesanya,South Africa,Brian Lara,Liverpool,Kylian Mbappe,Pittsburgh Steelers,Drew Brees,Chicago Cubs,Ted Williams,Gary Player,Chicago Blackhawks,Gordie Howe,Manny Pacquiao,Juan Manuel Fangio,Katie Ledecky,Podcasts
Welfare Officer,,,,,,,,,40-49,Brazil,Pakistan,Bayern Munich,San Francisco 49ers,Detroit Red Wings,Football (Soccer) - Defensive Midfielder,,4-5 times per week,Machine-Based training,Herniated Disc,Hypotension (Low Blood Pressure),Shellfish ,Nose Guard,Adidas - Predator,Collagen Protein,,,Andrey Rublev,Ireland,Eben Etzebeth,Chen Long,Mazen Hesham,Brazil,Luka Don?i?,Amanda Nunes,Pakistan,Jacques Kallis,Bayern Munich,Robert Lewandowski,San Francisco 49ers,Peyton Manning,San Francisco Giants,Barry Bonds,Ben Hogan,Detroit Red Wings,Maurice Richard,Sugar Ray Leonard,Alain Prost,Ryan Lochte,Theatre & Performing Arts
Discipline Officer ,,,,,,,,,Over 50,Canada,New Zealand,Juventus,Kansas City Chiefs,New York Rangers,Football (Soccer) - Central Midfielder,,6-7 times per week,Long-Distance Running,Rotator Cuff Tear,Arrhythmia (Irregular Heartbeat),Fish ,Shoulder Pads,Adidas - X Speedflow,Creatine Monohydrate,,,Casper Ruud,France,Michael Hooper,Peter Gade,Karim Abdel Gawad,Canada,Kawhi Leonard,Georges St-Pierre,New Zealand,Kumar Sangakkara,Juventus,Kevin De Bruyne,Kansas City Chiefs,Joe Montana,St. Louis Cardinals,Ken Griffey Jr.,Bobby Jones,New York Rangers,Jean Beliveau,Joe Louis,Niki Lauda,Caeleb Dressel,Celebrity News
Match Secretary  ,,,,,,,,,,China,West Indies,Paris Saint-Germain,Seattle Seahawks,Pittsburgh Penguins,Football (Soccer) - Central Attacking Midfielder,,Daily,Sprinting & Speed Work,Shoulder Dislocation,Congenital Heart Disease,Soy,Chest Protector,Puma - Future Z,Creatine Hydrochloride (HCL),,,Holger Rune,Wales,Tadhg Furlong,Rudy Hartono,Mohamed ElShorbagy,China,Nikola Joki?,Anderson Silva,West Indies,AB de Villiers,Paris Saint-Germain,Mohamed Salah,Seattle Seahawks,Brett Favre,Houston Astros,Mickey Mantle,Sam Snead,Pittsburgh Penguins,Guy Lafleur,George Foreman,Sebastian Vettel,Missy Franklin,Streaming Services
Referee Secretary ,,,,,,,,,,Croatia,Sri Lanka,Manchester City,Philadelphia Eagles,Philadelphia Flyers,Football (Soccer) - Winger (Left Wing),,,Cycling,Shoulder Impingement Syndrome,Coronary Artery Disease,Wheat / Gluten,Rib Protectors,Puma - Ultra,Beta-Alanine,,,Stefanos Tsitsipas,Scotland,Ardie Savea,Gao Ling,Tarek Momen,Croatia,James Harden,Stipe Miocic,Sri Lanka,MS Dhoni,Manchester City,Virgil van Dijk,Philadelphia Eagles,Russell Wilson,Atlanta Braves,Joe DiMaggio,Phil Mickelson,Philadelphia Flyers,Mark Messier,Rocky Marciano,Fernando Alonso,Simone Manuel,Books & Literature
Safegaurding Officer,,,,,,,,,,Czech Republic,Bangladesh,Chelsea,Chicago Bears,Washington Capitals,Football (Soccer) - Winger (Right Wing),,,Rowing,AC Joint Injury ,Peripheral Artery Disease,Sesame,Padded Compression Shirt,Under Armour - HOVR,Essential Amino Acids (EAAs),,,Taylor Fritz,Argentina (Los Pumas),Pieter-Steph du Toit,P. V. Sindhu,Joel Makin,Czech Republic,Anthony Davis,Daniel Cormier,Bangladesh,Shane Warne,Chelsea,Sadio Mane,Chicago Bears,Ben Roethlisberger,Philadelphia Phillies,Yogi Berra,Tom Watson,Washington Capitals,Sidney Crosby,Joe Frazier,Stirling Moss,Nathan Adrian,Stand-up Comedy
Manager,,,,,,,,,,Dominican Republic,Afghanistan,Arsenal,Denver Broncos,New York Islanders,Football (Soccer) - Striker (Forward / Center Forward),,,Swimming,Labrum Tear,Diabetes Type 1,Citrus Fruits ,Arm Sleeves,Under Armour - Flow Velociti,L-Arginine,,,Karen Khachanov,Italy,Romain Ntamack,Carolina Marin,Marwan ElShorbagy,Dominican Republic,Jayson Tatum,Max Holloway,Afghanistan,Wasim Akram,Arsenal,Sergio Ramos,Denver Broncos,John Elway,Toronto Blue Jays,Lou Gehrig,Seve Ballesteros,New York Islanders,Alexander Ovechkin,Larry Holmes,Jackie Stewart,Sarah Sjˆstrˆm,Animation & Cartoons
Coach,,,,,,,,,,Egypt,Zimbabwe,Tottenham Hotspur,New York Giants,Edmonton Oilers,Basketball - Point Guard,,,Jump Rope,Tennis Elbow,Diabetes Type 2,Pollen ,Elbow Pads,ASICS - GEL Kayano,L-Citrulline,,,Frances Tiafoe,Fiji,Aaron Smith,Saina Nehwal,Youssef Soliman,Egypt,Joel Embiid,Kamaru Usman,Zimbabwe,Glenn McGrath,Tottenham Hotspur,Karim Benzema,New York Giants,Dan Marino,Cleveland Guardians,Derek Jeter,Nick Faldo,Edmonton Oilers,Jaromir Jagr,Evander Holyfield,Jim Clark,Katinka Hossz˙,Documentaries
Volunteer,,,,,,,,,,Finland,Ireland,AC Milan,Las Vegas Raiders,Calgary Flames,Basketball - Shooting Guard,,,Circuit Training,Golfer’s Elbow,Hypothyroidism,Dust Mites,Boxing Gloves,ASICS - Metaspeed,HMB (Hydroxymethylbutyrate),,,Cameron Norrie,Tonga,Charles Ollivon,Zhao Yunlei,Victor Crouin,Finland,Damian Lillard,Henry Cejudo,Ireland,Muttiah Muralitharan,AC Milan,Luka Modric,Las Vegas Raiders,Steve Young,Seattle Mariners,Ichiro Suzuki,Greg Norman,Calgary Flames,Steve Yzerman,Lennox Lewis,Nelson Piquet,Federica Pellegrini,Video Games
First Aider,,,,,,,,,,France,Scotland,Inter Milan,Baltimore Ravens,Vancouver Canucks,Basketball - Small Forward,,,CrossFit,Elbow Dislocation,Hyperthyroidism,Mold & Fungi,Hand Wraps,New Balance - Fresh Foam,Caffeine,,,Hubert Hurkacz,Samoa,Damian Penaud,Tontowi Ahmad,Aly Abou Eleinen,France,Kyrie Irving,Dustin Poirier,Scotland,Adam Gilchrist,Inter Milan,Harry Kane,Baltimore Ravens,Terry Bradshaw,Texas Rangers,Nolan Ryan,Vijay Singh,Vancouver Canucks,Patrick Roy,Oscar De La Hoya,Mika Hakkinen,Sun Yang,Web Series
Accreditation Officer,,,,,,,,,,Georgia,Netherlands,Borussia Dortmund,Minnesota Vikings,Los Angeles Kings,Basketball - Power Forward,,,Tabata,Fractured Arm,Polycystic Ovary Syndrome (PCOS),Animal Dander ,Wrist Guards,New Balance - FuelCell,Electrolyte Supplements,,,Felix Auger-Aliassime,Japan,Will Jordan,Liliyana Natsir,Youssef Ibrahim,Georgia,Chris Paul,Francis Ngannou,Netherlands,Rahul Dravid,Borussia Dortmund,Antoine Griezmann,Minnesota Vikings,Tony Romo,New York Mets,Roger Clemens,Lee Trevino,Los Angeles Kings,Martin Brodeur,Roberto Duran,Kimi Raikkonen,Adam Peaty,Virtual Reality (VR) Entertainment
Parent/Helper,,,,,,,,,,Germany,Namibia,Atletico Madrid,Indianapolis Colts,San Jose Sharks,Basketball - Center,,,Plyometrics,Wrist Fracture or Sprain,Osteoarthritis,Insect Stings ,Finger Tape,Mizuno - Wave Rider,"Adaptogens (Rhodiola Rosea, Ashwagandha)",,,Tommy Paul,Georgia,Bundee Aki,Zhang Ning,Eain Yow Ng,Germany,Devin Booker,Valentina Shevchenko,Namibia,Steve Waugh,Atletico Madrid,Eden Hazard,Indianapolis Colts,Andrew Luck,Chicago White Sox,Sandy Koufax,Bernhard Langer,San Jose Sharks,Dominik Hasek,Julio Cesar Chavez,Nigel Mansell,Alexander Popov,Live Events & Concerts
Registrations Officer,,,,,,,,,,Greece,UAE,Ajax,Miami Dolphins,St. Louis Blues,American Football - Quarterback,,,Agility & Footwork Drills,Boxer’s Fracture,Rheumatoid Arthritis,Latex ,Grip Gloves,Mizuno - Morelia,Nootropic Blends,,,Alex de Minaur,Canada,Levani Botia,Tai Tzu-ying,Greg Lobban,Greece,Bradley Beal,Tony Ferguson,UAE,Viv Richards,Ajax,Paulo Dybala,Miami Dolphins,Matt Ryan,Washington Nationals,Greg Maddux,Fred Couples,St. Louis Blues,Bobby Hull,Bernard Hopkins,Emerson Fittipaldi,Kristin Otto,Talk Shows
Child Protection Officer (eg DBS),,,,,,,,,,Hungary,Oman,Roma,Los Angeles Rams,Colorado Avalanche,American Football - Running Back,,,Position-Specific Training ,Jammed Finger,Scoliosis,Synthetic Fabrics ,Shin Guards,HOKA ONE ONE - Clifton,Omega-3 Fatty Acids,,,Lorenzo Musetti,United States,Sam Whitelock,Nozomi Okuhara,Fares Dessouky,Hungary,Jimmy Butler,Justin Gaethje,Oman,Imran Khan,Roma,Raheem Sterling,Los Angeles Rams,Philip Rivers,Detroit Tigers,Pedro Martinez,Payne Stewart,Colorado Avalanche,Stan Mikita,Roy Jones Jr.,Mario Andretti,Janet Evans,News & Journalism
,,,,,,,,,,Iceland,Nepal,Lazio,Buffalo Bills,Dallas Stars,American Football - Wide Receiver,,,Tactical/Strategic Training,Dislocated Finger,Osteoporosis,Detergents & Fabric Softeners,Knee Pads,HOKE ONE ONE - Bondi,Turmeric,,,Borna Coric,Romania,Franco Mostert,Akane Yamaguchi,Miguel Rodriguez,Iceland,Donovan Mitchell,Robert Whittaker,Nepal,Ian Botham,Lazio,N'Golo Kante,Buffalo Bills,Eli Manning,Kansas City Royals,Randy Johnson,Nick Price,Dallas Stars,Phil Esposito,Marvin Hagler,Gilles Villeneuve,Pieter van den Hoogenband,Magazines & Periodicals
,,,,,,,,,,India,Papua New Guinea,Napoli,New Orleans Saints,Minnesota Wild,American Football - Tight End,,,Combat Sports Conditioning ,Mallet Finger,Fibromyalgia,Sports Tape & Adhesives,Knee Braces,Brooks - Ghost,Curcumin,,,Matteo Berrettini,Uruguay,Richie Mo'unga,Anthony Sinisuka Ginting,Baptiste Masotti,India,Zion Williamson,Jose Aldo,Papua New Guinea,Allan Border,Napoli,Paul Pogba,New Orleans Saints,Cam Newton,Miami Marlins,Tom Seaver,Johnny Miller,Minnesota Wild,Ray Bourque,Thomas Hearns,Jenson Button,Matt Biondi,Fashion & Lifestyle Media
,,,,,,,,,,Indonesia,Hong Kong,Sevilla,Tennessee Titans,Anaheim Ducks,American Football - Offensive Lineman,,,Static Stretching,Jersey Finger,Chronic Back Pain,Sunscreen & Skincare Products,Padded Compression Tights,Brooks - Adrenaline GTS,Tart Cherry Extract,,,Grigor Dimitrov,Russia,Damian de Allende,Chou Tien-chen,Mohamed ElSherbini,Indonesia,Karl-Anthony Towns,Joanna J?drzejczyk,Hong Kong,Michael Clarke,Sevilla,Manuel Neuer,Tennessee Titans,Dak Prescott,Minnesota Twins,Bob Gibson,Colin Montgomerie,Anaheim Ducks,Paul Coffey,Gennady Golovkin,Nico Rosberg,Jenny Thompson,Social Media Influencers
,,,,,,,,,,Iran,Canada,Benfica,Atlanta Falcons,Nashville Predators,American Football - Defensive Lineman,,,Dynamic Stretching,Carpal Tunnel Syndrome,Epilepsy,"Nickel (Jewelry, Watch Straps, Sports Gear)",Ankle Braces,Merrell - Trail Running,CBD Oil,,,Denis Shapovalov,Portugal,Lukhanyo Am,Ratchanok Intanon,Abdulla Al-Tamimi,Iran,Paul George,Ronda Rousey,Canada,Yuvraj Singh,Benfica,Gianluigi Donnarumma,Atlanta Falcons,Lamar Jackson,Colorado Rockies,Cy Young,Justin Rose,Nashville Predators,Mike Bossy,Canelo Alvarez,Jacques Villeneuve,Dana Vollmer,E-sports
,,,,,,,,,,Israel,USA,Porto,Carolina Panthers,Winnipeg Jets,American Football - Linebacker,,,Yoga,Sciatica,Multiple Sclerosis (MS),NSAIDs,Protective Cup,Merell - Bareshoot Shoes,Glucosamine & Chondroitin,,,Sebastian Korda,Spain,Tom Curry,Li Xuerui,Dimitri Steinmann,Israel,Trae Young,BJ Penn,USA,Chris Gayle,Porto,Romelu Lukaku,Carolina Panthers,Deshaun Watson,Oakland Athletics,Jackie Robinson,Henrik Stenson,Winnipeg Jets,Joe Sakic,Wladimir Klitschko,James Hunt,Grant Hackett,Graphic Novels & Comics
,,,,,,,,,,Italy,Kenya,Sporting CP,Cleveland Browns,Ottawa Senators,American Football - Cornerback,,,Pilates,Scoliosis-Related Back Pain,Parkinson’s Disease,Antibiotics,Cleats,Altra - Zero Drop Running Shoes,MSM (Methylsulfonylmethane),,,Daniel Evans,Namibia,Caelan Doris,Wang Yihan,Nicolas Mueller,Italy,Bam Adebayo,Demetrious Johnson,Kenya,Sanath Jayasuriya,Sporting CP,Erling Haaland,Cleveland Browns,Kyler Murray,Milwaukee Brewers,Roberto Clemente,Dustin Johnson,Ottawa Senators,Peter Forsberg,Vitali Klitschko,Damon Hill,Aaron Peirsol,Audiobooks
,,,,,,,,,,Japan,Bermuda,Lyon,Arizona Cardinals,Buffalo Sabres,American Football - Safety,,,Active Recovery (Low-Intensity Movement),Spinal Fracture ,Migraines & Chronic Headaches,Local Anesthetics,Running Shoes,Reebok,Collagen Peptides,,,Nick Kyrgios,Brazil,Jamie Ritchie,Han Aiping,Iker Pajares,Japan,Jaylen Brown,Dominick Cruz,Bermuda,Brett Lee,Lyon,Joshua Kimmich,Arizona Cardinals,Josh Allen,Cincinnati Reds,Cal Ripken Jr.,Jordan Spieth,Buffalo Sabres,Teemu Selanne,Tyson Fury,Jochen Rindt,Yuliya Efimova,Photography
,,,,,,,,,,Jordan,Uganda,Marseille,Detroit Lions,Arizona Coyotes,Baseball - Pitcher,,,Foam Rolling & Myofascial Release,Chronic Lower Back Pain,Neuropathy,Muscle Rubs & Recovery Creams,Court Shoes,Skechers,Calcium & Vitamin D3,,,Francisco Cerundolo,Chile,Mako Vunipola,Liem Swie King,Leonel Cardenas,Jordan,DeMar DeRozan,Rashad Evans,Uganda,Shoaib Akhtar,Marseille,Alisson Becker,Detroit Lions,Justin Herbert,San Diego Padres,Honus Wagner,Brooks Koepka,Arizona Coyotes,Pavel Bure,Deontay Wilder,Alberto Ascari,Florent Manaudou,Music Videos
,,,,,,,,,,Kazakhstan,Malaysia,Monaco,Washington Football Team,Florida Panthers,Baseball - Catcher,,,Ice Baths & Cold Therapy,Hip Labral Tear,Irritable Bowel Syndrome (IBS),Artificial Sweeteners,Cycling Shoes,Everlast,L-Carnitine,,,Roberto Bautista Agut,Hong Kong,Stuart Hogg,Li Lingwei,Adrian Waller,Kazakhstan,Ja Morant,Michael Bisping,Malaysia,Lasith Malinga,Monaco,Thibaut Courtois,Washington Football Team,Kirk Cousins,Tampa Bay Rays,Tony Gwynn,Justin Thomas,Florida Panthers,Joe Thornton,Anthony Joshua,Felipe Massa,Kosuke Kitajima,Cultural Festivals
,,,,,,,,,,Latvia,Singapore,RB Leipzig,Los Angeles Chargers,Tampa Bay Lightning,Baseball - First Baseman,,,Sauna & Heat Therapy,Hip Flexor Strain,Crohn’s Disease,Cold Weather Allergy,Wetsuits,Venum,Green Tea Extract,,,David Goffin,Kenya,Owen Farrell,Wang Shixian,GrÈgoire Marche,Latvia,LaMelo Ball,Urijah Faber,Singapore,Virender Sehwag,RB Leipzig,Toni Kroos,Los Angeles Chargers,Ryan Tannehill,Baltimore Orioles,Stan Musial,Bryson DeChambeau,Tampa Bay Lightning,Jarome Iginla,Andre Ward,Riccardo Patrese,Park Tae-hwan,Awards Shows
,,,,,,,,,,Lebanon,Qatar,Bayer Leverkusen,Tampa Bay Buccaneers,Carolina Hurricanes,Baseball - Second Baseman,,,,Hip Dislocation,Ulcerative Colitis,Hives,Body Armor,Twins Special,CLA (Conjugated Linoleic Acid),,,Milos Raonic,Belgium,Jonathan Sexton,Sung Ji-hyun,SÈbastien Bonmalais,Lebanon,Shai Gilgeous-Alexander,Lyoto Machida,Qatar,Anil Kumble,Bayer Leverkusen,Gerard Pique,Tampa Bay Buccaneers,Matthew Stafford,Pittsburgh Pirates,Carl Yastrzemski,Patrick Reed,Carolina Hurricanes,Marcel Dionne,Vasyl Lomachenko,David Coulthard,Rebecca Soni,Reality TV
,,,,,,,,,,Lithuania,Saudi Arabia,Eintracht Frankfurt,New York Jets,Columbus Blue Jackets,Baseball - Third Baseman,,,,Groin Strain,Acid Reflux (GERD),Heat Rash,Neck Brace,Shock Doctor,Capsaicin,,,Alexander Bublik,Germany,Siya Kolisi,Jan O. Jorgensen,Nathan Lake,Lithuania,De'Aaron Fox,Tito Ortiz,Saudi Arabia,Shakib Al Hasan,Eintracht Frankfurt,Marco Reus,New York Jets,Carson Wentz,Arizona Diamondbacks,Brooks Robinson,Rickie Fowler,Columbus Blue Jackets,Brett Hull,Terence Crawford,Gerhard Berger,Ranomi Kromowidjojo,Art Exhibitions
,,,,,,,,,,Malaysia,Kuwait,Schalke 04,Jacksonville Jaguars,New Jersey Devils,Baseball - Shortstop,,,,Pelvic Stress Fracture,Celiac Disease,Chlorine Sensitivity,,RDX Sports,Thermogenic Blends,,,Jan-Lennard Struff,Netherlands,Courtney Lawes,Son Wan-ho,Raphael Kandra,Malaysia,Rudy Gobert,Chuck Liddell,Kuwait,Kane Williamson,Schalke 04,Thomas Muller,Jacksonville Jaguars,Jared Goff,Los Angeles Angels,Frank Robinson,Bubba Watson,New Jersey Devils,Luc Robitaille,Errol Spence Jr.,Jean Alesi,L·szlÛ Cseh,Film Criticism & Reviews
,,,,,,,,,,Mali,Thailand,Wolfsburg,Cincinnati Bengals,Vegas Golden Knights,Baseball - Left Fielder,,,,ACL Tear,Lupus,,,Hayabusa,Multivitamins,,,Adrian Mannarino,,James Ryan,Kidambi Srikanth,Leandro Romiglio,Mali,Klay Thompson,Cain Velasquez,Thailand,Joe Root,Wolfsburg,Sergio Busquets,Cincinnati Bengals,Derek Carr,Orix Buffaloes,Reggie Jackson,Matt Kuchar,Vegas Golden Knights,Eric Lindros,Shawn Porter,Rene Arnoux,Kosuke Hagino,Content Creation & Influencing
,,,,,,,,,,Mexico,Indonesia,Villarreal,Houston Texans,Seattle Kraken,Baseball - Center Fielder,,,,MCL/LCL Sprain or Tear,Hashimoto’s Thyroiditis,,,Bauer,Vitamin C,,,Diego Schwartzman,,Kyle Sinckler,Parupalli Kashyap,Auguste Dussourd,Mexico,Draymond Green,Alistair Overeem,Indonesia,David Warner,Villarreal,Thiago Alcantara,Houston Texans,Jimmy Garoppolo,Fukuoka SoftBank Hawks,Pete Rose,Webb Simpson,Seattle Kraken,Chris Chelios,Keith Thurman,Carlos Reutemann,Mireia Belmonte,Food & Cooking Shows
,,,,,,,,,,Montenegro,Japan,Real Sociedad,Alabama Crimson Tide,Laval Rocket,Baseball - Right Fielder,,,,Meniscus Tear,Sjögren’s Syndrome,,,CCM,Vitamin D,,,Pablo Carreno Busta,,Julian Montoya,Kevin Sanjaya Sukamuljo,Ramit Tandon,Montenegro,Ben Simmons,Vitor Belfort,Japan,Rohit Sharma,Real Sociedad,Leroy Sane,Alabama Crimson Tide,Baker Mayfield,Hanshin Tigers,Ernie Banks,Xander Schauffele,Laval Rocket,Scott Niedermayer,Danny Garcia,Clay Regazzoni,Pernille Blume,Travel Shows
,,,,,,,,,,Morocco,South Korea,Athletic Bilbao,Clemson Tigers,Toronto Marlies,Ice Hockey - Goaltender,,,,Patellar Tendinitis,Chronic Fatigue Syndrome (CFS/ME),,,STX,Magnesium,,,Alejandro Davidovich Fokina,,Samu Kerevi,Marcus Fernaldi Gideon,Nick Wall,Morocco,Pascal Siakam,Fabricio Werdum,South Korea,Ben Stokes,Athletic Bilbao,David Alaba,Clemson Tigers,Joe Burrow,Yomiuri Giants,Johnny Bench,Tommy Fleetwood,Toronto Marlies,Nicklas Lidstrom,Amir Khan,Ronnie Peterson,Chad le Clos,Children's Entertainment
,,,,,,,,,,Netherlands,China,Valencia,Ohio State Buckeyes,Providence Bruins,Ice Hockey - Defenseman,,,,Runner’s Knee ,Depression,,,The North Face,Zinc,,,Laslo Djere,,Duane Vermeulen,Mohammad Ahsan,Omar Mosaad,Netherlands,Jrue Holiday,Renan Barao,China,Dale Steyn,Valencia,Mats Hummels,Ohio State Buckeyes,Tua Tagovailoa,Tokyo Yakult Swallows,Hank Greenberg,Paul Casey,Providence Bruins,Brian Leetch,Kell Brook,Romain Grosjean,Oussama Mellouli,Board Games
,,,,,,,,,,New Zealand,Argentina,Real Betis,Michigan Wolverines,Rockford IceHogs,Ice Hockey - Left Wing,,,,Shin Splints,Anxiety Disorders,,,Patagonia,Probiotics,,,Jiri Lehecka,,Faf de Klerk,Hendra Setiawan,Timothy Brownell,New Zealand,Khris Middleton,Eddie Alvarez,Argentina,Mitchell Starc,Real Betis,Raphael Varane,Michigan Wolverines,Trevor Lawrence,Chunichi Dragons,Rod Carew,Viktor Hovland,Rockford IceHogs,Al MacInnis,Sergey Kovalev,Heikki Kovalainen,Ye Shiwen,Card Games
,,,,,,,,,,Nigeria,Brazil,West Ham United,LSU Tigers,Grand Rapids Griffins,Ice Hockey - Right Wing,,,,Tibia Fracture,Bipolar Disorder,,,Columbia Sportswear,"Greens Powders (Superfoods, Spirulina, Chlorella)",,,Miomir Kecmanovic,,HandrÈ Pollard,Anders Antonsen,Yahya Elnawasany,Nigeria,Domantas Sabonis,Brock Lesnar,Brazil,Brendon McCullum,West Ham United,Timo Werner,LSU Tigers,Mac Jones,Saitama Seibu Lions,George Brett,Sungjae Im,Grand Rapids Griffins,Larry Robinson,Artur Beterbiev,Rubens Barrichello,Ruta Meilutyte,Role-Playing Games (RPGs)
,,,,,,,,,,North Macedonia,Chile,Leicester City,Oklahoma Sooners,Hartford Wolf Pack,Ice Hockey - Center,,,,Fibula Fracture,Post-Traumatic Stress Disorder (PTSD),,,Arc'teryx,Coconut Water Powder,,,Albert Ramos-Vinolas,,Freddie Steward,Jonatan Christie,Curtis Malik,North Macedonia,Nikola Vu?evi?,Alexander Gustafsson,Chile,Graeme Smith,Leicester City,Marcus Rashford,Oklahoma Sooners,Justin Fields,Hiroshima Toyo Carp,Eddie Murray,Si Woo Kim,Hartford Wolf Pack,Denis Potvin,Dmitry Bivol,Giancarlo Fisichella,Katinka Hosszu,Puzzles
,,,,,,,,,,Norway,Germany,Everton,Georgia Bulldogs,Wilkes-Barre/Scranton Penguins,Tennis - Singles Player,,,,Femur Fracture,Attention Deficit Hyperactivity Disorder (ADHD),,,Salomon,,,,Filip Krajinovic,,Damian Willemse,Lee Zii Jia,George Parker,Norway,Brandon Ingram,Kevin Lee,Germany,Hashim Amla,Everton,Jan Oblak,Georgia Bulldogs,Jameis Winston,Hokkaido Nippon-Ham Fighters,Dave Winfield,Adam Scott,Wilkes-Barre/Scranton Penguins,Bernie Parent,Oleksandr Usyk,Jarno Trulli,Bronte Campbell,Mobile Games
,,,,,,,,,,Panama,Italy,Aston Villa,Notre Dame Fighting Irish,Lehigh Valley Phantoms,Tennis - Doubles Player,,,,Calf Strain,Eczema,,,Oakley,,,,Alex Molcan,,Matthieu Jalibert,Tommy Sugiarto,David Baillargeon,Panama,Andrew Wiggins,Colby Covington,Italy,Kevin Pietersen,Aston Villa,Keylor Navas,Notre Dame Fighting Irish,Marcus Mariota,Tohoku Rakuten Golden Eagles,Wade Boggs,Jason Day,Lehigh Valley Phantoms,Glenn Hall,Adonis Stevenson,Mark Webber,Cate Campbell,Strategy Games
,,,,,,,,,,Philippines,Spain,Leeds United,Texas Longhorns,Hershey Bears,Tennis - Serve-and-Volley Player,,,,Hamstring Tear or Strain,Psoriasis,,,Black Diamond,,,,Hugo Gaston,,Sam Cane,Kenneth Jonassen,Farkas Balazs,Philippines,Jaren Jackson Jr.,Jorge Masvidal,Spain,Mahela Jayawardene,Leeds United,Aymeric Laporte,Texas Longhorns,Teddy Bridgewater,Yokohama DeNA BayStars,Ryne Sandberg,Marc Leishman,Hershey Bears,Jacques Plante,Mikkel Kessler,Robert Kubica,Stephanie Rice,PC Gaming
,,,,,,,,,,Poland,Denmark,Wolverhampton Wanderers,Florida Gators,Bridgeport Islanders,Tennis - Baseline Player,,,,Quadriceps Strain,Heat Sensitivity Disorders,,,Rogue Fitness,,,,Gael Monfils,,Gregory Alldritt,Viktor Axelsen,Patrick Rooney,Poland,D'Angelo Russell,Gilbert Burns,Denmark,Ross Taylor,Wolverhampton Wanderers,Bernardo Silva,Florida Gators,Alex Smith,LG Twins,Ozzie Smith,Cameron Smith,Bridgeport Islanders,Ken Dryden,Carl Froch,Sergio Perez,Emily Seebohm,
,,,,,,,,,,Portugal,Norway,Southampton,Auburn Tigers,Bakersfield Condors,Rugby - Prop,,,,Ankle Sprain,Tendonitis,,,Eleiko,,,,John Isner,,Josh van der Flier,Shi Yuqi,Juan Camilo Vargas,Portugal,CJ McCollum,Anthony Smith,Norway,Inzamam-ul-Haq,Southampton,Fabinho,Auburn Tigers,Nick Foles,Doosan Bears,Chipper Jones,Matt Jones,Bakersfield Condors,Terry Sawchuk,Joe Calzaghe,Valtteri Bottas,Kylie Masse,
,,,,,,,,,,Puerto Rico,Sweden,Crystal Palace,Penn State Nittany Lions,Stockton Heat,Rugby - Hooker,,,,Achilles Tendon Rupture or Tendinitis,Chronic Muscle Strains,,,Gymshark,,,,Benjamin Bonzi,,Brodie Retallick,Li Junhui,Rory Stewart,Puerto Rico,Gordon Hayward,Glover Teixeira,Sweden,Shahid Afridi,Crystal Palace,Frenkie de Jong,Penn State Nittany Lions,Colin Kaepernick,SK Wyverns,Jeff Bagwell,Geoff Ogilvy,Stockton Heat,Grant Fuhr,David Haye,Pierre Gasly,Penny Oleksiak,
,,,,,,,,,,Qatar,Belgium,Newcastle United,Oregon Ducks,Abbotsford Canucks,Rugby - Lock,,,,Plantar Fasciitis,Bursitis,,,SBD,,,,Emil Ruusuvuori,,Joe Marler,Liu Yuchen,Karim El Hammamy,Qatar,Kristaps Porzi??is,Jan Blachowicz,Belgium,Mark Waugh,Newcastle United,Memphis Depay,Oregon Ducks,Michael Vick,Lotte Giants,Craig Biggio,Stuart Appleby,Abbotsford Canucks,Billy Smith,Ricky Hatton,Max Verstappen,Duncan Scott,
,,,,,,,,,,Romania,Austria,Brighton & Hove Albion,USC Trojans,Ontario Reign,Rugby - Flanker,,,,Metatarsal Fracture,Ehlers-Danlos Syndrome (EDS),,,Titan Fitness,,,,Marton Fucsovics,,Duhan van der Merwe,Hiroyuki Endo,Bernat Jaume,Romania,Tobias Harris,Yoel Romero,Austria,Glenn Maxwell,Brighton & Hove Albion,Hakim Ziyech,USC Trojans,Tim Tebow,Hanwha Eagles,Ivan Rodriguez,Robert Allenby,Ontario Reign,Tony Esposito,Chris Eubank,Charles Leclerc,Duncan Armstrong,
,,,,,,,,,,Russia,Switzerland,Fulham,Wisconsin Badgers,San Diego Gulls,Rugby - Number Eight,,,,Turf Toe,Marfan Syndrome,,,Inzer,,,,Lloyd Harris,,Ellis Genge,Yuta Watanabe,Shahjahan Khan,Russia,Clint Capela,Kelvin Gastelum,Switzerland,Jason Holder,Fulham,Wilfried Zaha,Wisconsin Badgers,Steve McNair,NC Dinos,Alex Rodriguez,John Senden,San Diego Gulls,Evgeni Malkin,Nigel Benn,Lando Norris,James Magnussen,
,,,,,,,,,,Saudi Arabia,Czech Republic,Burnley,Florida State Seminoles,San Jose Barracuda,Rugby - Scrum-half,,,,Repetitive Stress Injuries,Sickle Cell Trait/Disease,,,Adidas,,,,Yannick Hanfmann,,Ali Price,Zheng Siwei,Abdallah Mohamed,Saudi Arabia,Jonas Valan?i?nas,Jack Hermansson,Czech Republic,Faf du Plessis,Burnley,Kalidou Koulibaly,Florida State Seminoles,Kurt Warner,KT Wiz,Manny Ramirez,Rod Pampling,San Jose Barracuda,Jonathan Toews,Naseem Hamed,George Russell,Tom Shields,
,,,,,,,,,,Senegal,Finland,Sheffield United,Miami Hurricanes,Springfield Thunderbirds,Rugby - Fly-half,,,,Chronic Joint Pain,,,,Speedo,,,,Richard Gasquet,,Thomas Ramos,Huang Yaqiong,Lucas Serme,Senegal,Deandre Ayton,Paulo Costa,Finland,Quinton de Kock,Sheffield United,Serge Gnabry,Miami Hurricanes,Roger Staubach,Samsung Lions,David Ortiz,Aaron Baddeley,Springfield Thunderbirds,Patrick Kane,Michael Spinks,Alexander Albon,Lilly King,
,,,,,,,,,,Serbia,Luxembourg,Norwich City,Michigan State Spartans,Colorado Eagles,Rugby - Center,,,,Tendinitis,,,,Arena,,,,Alexander Zverev,,Juan MartÌn Gonz·lez,Praveen Jordan,James Willstrop,Serbia,Michael Porter Jr.,Darren Till,Luxembourg,Mohammed Shami,Norwich City,Kai Havertz,Michigan State Spartans,Warren Moon,Kia Tigers,Miguel Cabrera,Steven Bowditch,Colorado Eagles,Zdeno Chara,Leon Spinks,Esteban Ocon,Michael Andrew,
,,,,,,,,,,Singapore,Portugal,Watford,Stanford Cardinal,Texas Stars,Rugby - Wing,,,,Bursitis,,,,TYR,,,,Rinky Hijikata,,Tomas Lavanini,Melati Daeva Oktavianti,Tom Richards,Singapore,Malcolm Brogdon,Leon Edwards,Portugal,Jasprit Bumrah,Watford,Achraf Hakimi,Stanford Cardinal,Jim Kelly,La New Bears,Jose Altuve,Greg Chalmers,Texas Stars,Drew Doughty,Sonny Liston,Lance Stroll,Amanda Beard,
,,,,,,,,,,Slovakia,Greece,Brentford,Iowa Hawkeyes,Iowa Wild,Rugby - Fullback,,,,,,,,Finis,,,,Oscar Otte,,Francois Louw,Zhang Nan,Mahesh Mangaonkar,Slovakia,Fred VanVleet,Stephen Thompson,Greece,Rishabh Pant,Brentford,Mason Mount,Iowa Hawkeyes,Fran Tarkenton,Lamigo Monkeys,Fernando Valenzuela,Peter Lonard,Iowa Wild,Duncan Keith,Riddick Bowe,Kevin Magnussen,Megan Jendrick,
,,,,,,,,,,Slovenia,Malta,Bournemouth,Nebraska Cornhuskers,Milwaukee Admirals,Cricket - Batsman,,,,,,,,Aqua Sphere,,,,Pedro Cachin,,Jamie George,Fu Haifeng,Christopher Gordon,Slovenia,Jerami Grant,Vicente Luque,Malta,Shikhar Dhawan,Bournemouth,Dani Carvajal,Nebraska Cornhuskers,Troy Aikman,Uni-President 7-Eleven Lions,Juan Marichal,Craig Parry,Milwaukee Admirals,Shea Weber,Michael Moorer,Ralf Schumacher,Dara Torres,
,,,,,,,,,,South Korea,Cyprus,Udinese,Washington Huskies,Manitoba Moose,Cricket - Bowler,,,,,,,,Specialized,,,,Thiago Monteiro,,Jasper Wiese,Cai Yun,Andrew Douglas,South Korea,Myles Turner,Tyron Woodley,Cyprus,Ravichandran Ashwin,Udinese,Philippe Coutinho,Washington Huskies,Randall Cunningham,Chinatrust Brothers,Sammy Sosa,Brett Ogle,Manitoba Moose,Ryan Suter,John Ruiz,Pastor Maldonado,Natalie Coughlin,
,,,,,,,,,,Spain,Croatia,Fiorentina,Tennessee Volunteers,Belleville Senators,Cricket - Wicketkeeper,,,,,,,,Trek,,,,Alexei Popyrin,,Robbie Henshaw,Mathias Boe,Faraz Khan,Spain,John Wall,Robbie Lawler,Croatia,Ajinkya Rahane,Fiorentina,Nicolas Pepe,Tennessee Volunteers,Joe Namath,Rakuten Monkeys,Vladimir Guerrero,Terry Gale,Belleville Senators,Erik Karlsson,James Toney,Timo Glock,Camille Muffat,
,,,,,,,,,,Sweden,Serbia,Sampdoria,Texas A&M Aggies,Rochester Americans,Cricket - All-rounder,,,,,,,,Cannondale,,,,Yoshihito Nishioka,,Luke Cowan-Dickie,Carsten Mogensen,Mazen Gamal,Sweden,Buddy Hield,Nate Diaz,Serbia,Cheteshwar Pujara,Sampdoria,Jordan Henderson,Texas A&M Aggies,Ken Stabler,EDA Rhinos,Roberto Alomar,Michael Campbell,Rochester Americans,P.K. Subban,Chris Byrd,Kamui Kobayashi,Laure Manaudou,
,,,,,,,,,,Switzerland,Romania,Torino,Baylor Bears,Tucson Roadrunners,Volleyball - Setter,,,,,,,,BMC,,,,Ugo Humbert,,Elliot Daly,Kim Dong-moon,Ryosei Kobayashi,Switzerland,Kyle Lowry,Nick Diaz,Romania,Kuldeep Yadav,Torino,Luka Jovic,Baylor Bears,Bart Starr,Fubon Guardians,Luis Aparicio,Ryan Fox,Tucson Roadrunners,Carey Price,Hasim Rahman,Stoffel Vandoorne,Alain Bernard,
,,,,,,,,,,Syria,Bulgaria,Bologna,TCU Horned Frogs,Charlotte Checkers,Volleyball - Outside Hitter,,,,,,,,Cervélo,,,,Marco Cecchinato,,Johnny Sexton,Ha Tae-kwon,Carlos Cornes,Syria,Kemba Walker,Michael Chandler,Bulgaria,Bhuvneshwar Kumar,Bologna,Pierre-Emerick Aubameyang,TCU Horned Frogs,Otto Graham,Vaqueros de Monteria,Omar Vizquel,Danny Lee,Charlotte Checkers,Henrik Lundqvist,Corrie Sanders,Marcus Ericsson,CÈsar Cielo,
,,,,,,,,,,Taiwan,Hungary,Parma,UCLA Bruins,Syracuse Crunch,Volleyball - Opposite Hitter,,,,,,,,Giant,,,,Mackenzie McDonald,,Alun Wyn Jones,Candra Wijaya,Abhay Singh,Taiwan,Spencer Dinwiddie,Islam Makhachev,Hungary,Mohammad Amir,Parma,Alexandre Lacazette,UCLA Bruins,Johnny Unitas,Tigres de Cartagena,Adrian Beltre,Frank Nobilo,Syracuse Crunch,Pekka Rinne,Ike Ibeabuchi,Nick Heidfeld,Bruno Fratus,
,,,,,,,,,,Thailand,Israel,Genoa,Ole Miss Rebels,Utica Comets,Volleyball - Middle Blocker,,,,,,,,Pearl Izumi,,,,Federico Coria,,Shannon Frizell,Rexy Mainaky,Saurav Ghosal,Thailand,Montrezl Harrell,Dan Hooker,Israel,Babar Azam,Genoa,Edouard Mendy,Ole Miss Rebels,Len Dawson,Leones del Escogido,Mariano Rivera,Bob Charles,Utica Comets,Tuukka Rask,Andrew Golota,Adrian Sutil,Thiago Pereira,
,,,,,,,,,,Tunisia,Mexico,Hellas Verona,Oklahoma State Cowboys,Chicago Wolves,Volleyball - Libero,,,,,,,,Castelli,,,,Jason Kubler,,Paul Willemse,Tony Gunawan,Vikram Malhotra,Tunisia,Collin Sexton,Charles Oliveira,Mexico,Fakhar Zaman,Hellas Verona,Emiliano Martinez,Oklahoma State Cowboys,Sonny Jurgensen,Tigres del Licey,Rafael Palmeiro,Steve Alker,Chicago Wolves,Sergei Bobrovsky,Frank Bruno,Pedro de la Rosa,Felipe FranÁa Silva,
,,,,,,,,,,Turkey,Belize,Cagliari,Utah Utes,Cleveland Monsters,Volleyball - Defensive Specialist,,,,,,,,,,,,Dominic Thiem,,Dane Coles,Koo Kien Keat,Harinder Pal Singh Sandhu,Turkey,Kevin Love,Kevin Holland,Belize,Hasan Ali,Cagliari,Ruben Dias,Utah Utes,Y.A. Tittle,Aguilas CibaeÒas,Jorge Posada,Tony Finau,Cleveland Monsters,Andrei Vasilevskiy,Henry Cooper,Karun Chandhok,Joao Gomes Jr.,
,,,,,,,,,,Ukraine,Panama,Empoli,South Carolina Gamecocks,Binghamton Devils,,,,,,,,,,,,,Kyle Edmund,,George North,Tan Boon Heong,Abhishek Pradhan,Ukraine,Harrison Barnes,Johnny Walker,Panama,Rashid Khan,Empoli,Andrew Robertson,South Carolina Gamecocks,Norm Van Brocklin,Gigantes del Cibao,Andy Pettitte,Billy Horschel,Binghamton Devils,Connor McDavid,Ingemar Johansson,Narain Karthikeyan,Etiene Medeiros,
,,,,,,,,,,United Arab Emirates,Costa Rica,Brescia,Arkansas Razorbacks,Henderson Silver Knights,,,,,,,,,,,,,Jack Draper,,Billy Vunipola,Ko Sung-hyun,Tayyab Aslam,United Arab Emirates,Terry Rozier,Thiago Santos,Costa Rica,Mohammad Nabi,Brescia,Trent Alexander-Arnold,Arkansas Razorbacks,Bobby Layne,Estrellas Orientales,David Cone,Kevin Kisner,Henderson Silver Knights,Leon Draisaitl,Ken Norton,Lucas di Grassi,Joanna Maranh„o,
,,,,,,,,,,United Kingdom,Venezuela,Sassuolo,Minnesota Golden Gophers,Seattle Thunderbirds,,,,,,,,,,,,,James Duckworth,,Ben Youngs,Lee Yong-dae,Asim Khan,United Kingdom,R.J. Barrett,Anthony Johnson,Venezuela,Eoin Morgan,Sassuolo,Richarlison,Minnesota Golden Gophers,Sid Luckman,¡guilas del Zulia,Tim Lincecum,Harris English,Seattle Thunderbirds,Auston Matthews,Jerry Quarry,Bruno Senna,KristÛf Mil·k,
,,,,,,,,,,United States,Peru,SPAL,North Carolina Tar Heels,Everett Silvertips,,,,,,,,,,,,,Gilles Simon,,Josh Adams,Yoo Yeon-seong,Nasir Iqbal,United States,Derrick Rose,Ryan Bader,Peru,Jos Buttler,SPAL,Heung-Min Son,North Carolina Tar Heels,Sammy Baugh,Cardenales de Lara,Buster Posey,Scottie Scheffler,Everett Silvertips,Mitch Marner,Earnie Shavers,Jaime Alguersuari,Zolt·n Cseh,
,,,,,,,,,,Uruguay,Bolivia,Pescara,Arizona State Sun Devils,Portland Winterhawks,,,,,,,,,,,,,Cristian Garin,,Vincent Koch,Ma Jin,Farhan Zaman,Uruguay,Tyler Herro,Phil Davis,Bolivia,Jonny Bairstow,Pescara,Matthijs de Ligt,Arizona State Sun Devils,Xavier Rhodes,Caribes de Anzo·tegui,Joe Morgan,Cameron Champ,Portland Winterhawks,William Nylander,Jimmy Ellis,Sebastian Buemi,Tam·s Darnyi,
,,,,,,,,,,Uzbekistan,Uruguay,Lecce,Kentucky Wildcats,Spokane Chiefs,,,,,,,,,,,,,Jenson Brooksby,,Nick Tompkins,Tian Qing,Israr Ahmed,Uzbekistan,Duncan Robinson,Benson Henderson,Uruguay,Jofra Archer,Lecce,Jorginho,Kentucky Wildcats,Byron Jones,Leones del Caracas,Mark McGwire,Harold Varner III,Spokane Chiefs,John Tavares,Trevor Berbick,Jean-Eric Vergne,Yevgeny Sadovyi,
,,,,,,,,,,Venezuela,Paraguay,Palermo,Virginia Tech Hokies,Tri-City Americans,,,,,,,,,,,,,Thanasi Kokkinakis,,Tomos Williams,Wang Xiaoli,Muhammad Asim Khan,Venezuela,Bojan Bogdanovi?,Rafael dos Anjos,Paraguay,Stuart Broad,Palermo,Ciro Immobile,Virginia Tech Hokies,Chris Harris Jr.,Navegantes del Magallanes,Curt Schilling,Patton Kizzire,Tri-City Americans,Matthew Tkachuk,Pinklon Thomas,Andre Lotterer,Vladimir Salnikov,
,,,,,,,,,,Vietnam,Ecuador,Catania,Boise State Broncos,Vancouver Giants,,,,,,,,,,,,,Jordan Thompson,,Makazole Mapimpi,Yu Yang,Syed Ali Mujtaba Shah Bokhari,Vietnam,Eric Bledsoe,Donald Cerrone,Ecuador,James Anderson,Catania,Dries Mertens,Boise State Broncos,Marlon Humphrey,Tiburones de La Guaira,Barry Larkin,Jhonattan Vegas,Vancouver Giants,Brady Tkachuk,Tony Tubbs,Alexander Rossi,Alexander Sukhorukov,
,,,,,,,,,,Angola,Suriname,Red Bull Salzburg,UCF Knights,Victoria Royals,,,,,,,,,,,,,Marcos Giron,,James Lowe,Tang Yuanting,Ahsan Ayaz,Angola,Ricky Rubio,Gunnar Nelson,Suriname,Moeen Ali,Red Bull Salzburg,Lorenzo Insigne,UCF Knights,Tre'Davious White,Bravos de Margarita,Mike Piazza,Emiliano Grillo,Victoria Royals,Anze Kopitar,Greg Page,Scott Speed,Arkady Vyatchanin,
,,,,,,,,,,Belarus,Guyana,Celtic,Syracuse Orange,Kamloops Blazers,,,,,,,,,,,,,Bernabe Zapata Miralles,,Paolo Garbisi,Misaki Matsutomo,Ivan Yuen,Belarus,Al Horford,Santiago Ponzinibbio,Guyana,Adil Rashid,Celtic,Federico Chiesa,Syracuse Orange,Darius Slay,Tigres de Aragua,Randy Arozarena,Joaquin Niemann,Kamloops Blazers,Jonathan Quick,Tim Witherspoon,Takuma Sato,Daria Ustinova,
,,,,,,,,,,Bosnia and Herzegovina,Trinidad and Tobago,Rangers,Pittsburgh Panthers,Kelowna Rockets,,,,,,,,,,,,,Elias Ymer,,Jake Gordon,Ayaka Takahashi,Ng Eain Yow,Bosnia and Herzegovina,Serge Ibaka,Neil Magny,Trinidad and Tobago,Kagiso Rabada,Rangers,Nicolo Barella,Pittsburgh Panthers,Casey Hayward,Yaquis de ObregÛn,Jose Ramirez,Carlos Ortiz,Kelowna Rockets,Tyler Seguin,Michael Dokes,Tora Takagi,Anton Chupkov,
,,,,,,,,,,Bulgaria,Jamaica,Galatasaray,Kansas State Wildcats,Prince George Cougars,,,,,,,,,,,,,Roberto Carballes Baena,,Liam Williams,Greysia Polii,Addeen Idrakie,Bulgaria,Robert Covington,Li Jingliang,Jamaica,Vernon Philander,Galatasaray,Jadon Sancho,Kansas State Wildcats,Desmond King,Tomateros de Culiac·n,Juan Soto,Abraham Ancer,Prince George Cougars,Jamie Benn,Buster Douglas,Shinji Nakano,Evgeny Rylov,
,,,,,,,,,,Cape Verde,Barbados,Fenerbahce,Missouri Tigers,Lethbridge Hurricanes,,,,,,,,,,,,,Carlos Taberner,,Taine Basham,Apriyani Rahayu,Ong Beng Hee,Cape Verde,Andre Drummond,Sean Brady,Barbados,Pat Cummins,Fenerbahce,Declan Rice,Missouri Tigers,Janoris Jenkins,Charros de Jalisco,Yordan Alvarez,Sebastian Munoz,Lethbridge Hurricanes,Patrice Bergeron,Tommy Morrison,Kazuki Nakajima,Irina Privalova,
,,,,,,,,,,Central African Republic,Saint Lucia,Besiktas,Mississippi State Bulldogs,Medicine Hat Tigers,,,,,,,,,,,,,Ilya Ivashka,,Nick Frost,Eom Hye-won,Nicol David,Central African Republic,Goran Dragi?,Geoff Neal,Saint Lucia,Nathan Lyon,Besiktas,Jack Grealish,Mississippi State Bulldogs,Malcolm Butler,Venados de Mazatl·n,Alex Bregman,Rafa Cabrera-Bello,Medicine Hat Tigers,David Pastrnak,Ray Mercer,Satoru Nakajima,Larisa Ilchenko,
,,,,,,,,,,Chile,Antigua and Barbuda,Dynamo Kyiv,Louisville Cardinals,Red Deer Rebels,,,,,,,,,,,,,Liam Broady,,Luke Jacobson,Shin Seung-chan,Low Wee Wern,Chile,Kelly Oubre Jr.,Michael Page,Antigua and Barbuda,Travis Head,Dynamo Kyiv,John Stones,Louisville Cardinals,Jason Verrett,Naranjeros de Hermosillo,Carlos Correa,Erik van Rooyen,Red Deer Rebels,Brad Marchand,Shannon Briggs,Ukyo Katayama,Anastasia Zueva,
,,,,,,,,,,Colombia,Dominica,Shakhtar Donetsk,Memphis Tigers,Calgary Hitmen,,,,,,,,,,,,,Mikhail Kukushkin,,Marika Koroibete,Kamilla Rytter Juhl,Delia Arnold,Colombia,Aaron Gordon,Douglas Lima,Dominica,Marcus Stoinis,Shakhtar Donetsk,Dani Olmo,Memphis Tigers,Kyle Fuller,CaÒeros de Los Mochis,Justin Verlander,Thomas Detry,Calgary Hitmen,Ryan O'Reilly,Sultan Ibragimov,Aguri Suzuki,Yana Klochkova,
,,,,,,,,,,Democratic Republic of the Congo,Grenada,Zenit Saint Petersburg,Navy Midshipmen,Edmonton Oil Kings,,,,,,,,,,,,,Denis Kudla,,David Havili,Christinna Pedersen,Sivasangari Subramaniam,Democratic Republic of the Congo,Marcus Smart,Patricio Freire,Grenada,Mitchell Marsh,Zenit Saint Petersburg,Gerard Moreno,Navy Midshipmen,James Bradberry,Mayos de Navojoa,Max Scherzer,Rasmus Hojgaard,Edmonton Oil Kings,Vladimir Tarasenko,Nikolai Valuev,Olivier Panis,Kateryna Zubkova,
,,,,,,,,,,Estonia,Saint Vincent and the Grenadines,Spartak Moscow,Air Force Falcons,Brandon Wheat Kings,,,,,,,,,,,,,Alejandro Tabilo,,Ngani Laumape,Muhammad Rian Ardianto,Rachel Arnold,Estonia,Caris LeVert,A.J. McKee,Saint Vincent and the Grenadines,Shaun Marsh,Spartak Moscow,Jordi Alba,Air Force Falcons,William Jackson III,Algodoneros de Guasave,Zack Greinke,Nicolai Hojgaard,Brandon Wheat Kings,Jordan Binnington,Samuel Peter,Eric Bernard,Mikhail Romanchuk,
,,,,,,,,,,Fiji,Saint Kitts and Nevis,CSKA Moscow,Army Black Knights,Moose Jaw Warriors,,,,,,,,,,,,,Daniel Elahi Galan,,Jordie Barrett,Fajar Alfian,Aifa Azman,Fiji,Joe Harris,Sergio Pettis,Saint Kitts and Nevis,Usman Khawaja,CSKA Moscow,Sergio Reguilon,Army Black Knights,Kendall Fuller,¡guilas de Mexicali,Stephen Strasburg,Guido Migliozzi,Moose Jaw Warriors,Mikko Rantanen,Juan Manuel Marquez,Erik Comas,Andriy Govorov,
,,,,,,,,,,Gabon,Cayman Islands,Lokomotiv Moscow,Purdue Boilermakers,Prince Albert Raiders,,,,,,,,,,,,,Pavel Kotov,,Pieter Labuschagne,Lee Hyun-il,Nele Gilis,Gabon,Larry Nance Jr.,Kyoji Horiguchi,Cayman Islands,Tim Paine,Lokomotiv Moscow,Rodri,Purdue Boilermakers,Jaire Alexander,Perth Heat,David Price,Adri Arnaus,Prince Albert Raiders,Nathan MacKinnon,Marco Antonio Barrera,Philippe Alliot,Mirna Juki?,
,,,,,,,,,,Ghana,Bahamas,Krasnodar,Indiana Hoosiers,Regina Pats,,,,,,,,,,,,,Juan Pablo Varillas,,Hugo Keenan,B. Sai Praneeth,Tinne Gilis,Ghana,Norman Powell,Demian Maia,Bahamas,Aaron Finch,Krasnodar,Ansu Fati,Indiana Hoosiers,Patrick Surtain II,Brisbane Bandits,Corey Kluber,Pablo Larrazabal,Regina Pats,Gabriel Landeskog,Erik Morales,Jonathan Palmer,Franziska van Almsick,
,,,,,,,,,,Guinea,Nigeria,Al Ahly,Illinois Fighting Illini,Saskatoon Blades,,,,,,,,,,,,,Hugo Dellien,,Sione Tuipulotu,Prannoy H. S.,Jan Van Den Herrewegen,Guinea,Darius Garland,Anderson dos Santos,Nigeria,Dinesh Karthik,Al Ahly,Pau Torres,Illinois Fighting Illini,Asante Samuel Jr.,Sydney Blue Sox,Madison Bumgarner,Jorge Campillo,Saskatoon Blades,Cale Makar,Wilfredo Gomez,Martin Brundle,Britta Steffen,
,,,,,,,,,,Ivory Coast,Ghana,Zamalek,Northwestern Wildcats,Swift Current Broncos,,,,,,,,,,,,,Radu Albot,,Juan Imhoff,Wang Lin,Diego Gobbi,Ivory Coast,Wendell Carter Jr.,Marlon Moraes,Ghana,Ishant Sharma,Zamalek,Pedri,Northwestern Wildcats,Trevon Diggs,Melbourne Aces,Adam Wainwright,Andrea Pavan,Swift Current Broncos,John Carlson,Wilfred Benitez,Derek Warwick,Paul Biedermann,
,,,,,,,,,,Jamaica,Tanzania,Raja Casablanca,Maryland Terrapins,Winnipeg Ice,,,,,,,,,,,,,Corentin Moutet,,Damian McKenzie,Xie Xingfang,Robert Downer,Jamaica,Jahlil Okafor,Petr Yan,Tanzania,Hardik Pandya,Raja Casablanca,Mikel Oyarzabal,Maryland Terrapins,Jaylon Johnson,Canberra Cavalry,Yadier Molina,Nino Bertasio,Winnipeg Ice,T.J. Oshie,Miguel Cotto,Eddie Irvine,Thomas Rupprath,
,,,,,,,,,,Kenya,Rwanda,Wydad Casablanca,Boston College Eagles,London Knights,,,,,,,,,,,,,Tomas Machac,,Mark Telea,Pia Zebadiah,,Kenya,Josh Richardson,Cody Garbrandt,Rwanda,KL Rahul,Wydad Casablanca,Ferran Torres,Boston College Eagles,Carlton Davis,Adelaide Giants,Paul Goldschmidt,Francesco Laporta,London Knights,Evgeny Kuznetsov,Felix Trinidad,Johnny Herbert,Hannah Stockbauer,
,,,,,,,,,,Kuwait,Botswana,Kaizer Chiefs,NC State Wolfpack,Kitchener Rangers,,,,,,,,,,,,,Stefano Travaglia,,Matt Fagerson,Jin Wei Goh,,Kuwait,Tim Hardaway Jr.,T.J. Dillashaw,Botswana,Shubman Gill,Kaizer Chiefs,Koke,NC State Wolfpack,Rock Ya-Sin,Auckland Tuatara,Matt Carpenter,Bernd Wiesberger,Kitchener Rangers,Braden Holtby,Hector Camacho,Mika Salo,Kirsty Coventry,
,,,,,,,,,,Kyrgyzstan,Malawi,Orlando Pirates,Wake Forest Demon Deacons,Windsor Spitfires,,,,,,,,,,,,,Roman Safiullin,,Cam Redpath,Mads Pieler Kolding,,Kyrgyzstan,Dennis Schrˆder,Aljamain Sterling,Malawi,Mohammed Siraj,Orlando Pirates,Cesar Azpilicueta,Wake Forest Demon Deacons,Chidobe Awuzie,Geelong-Korea,Jason Heyward,Matthias Schwab,Windsor Spitfires,Nicklas Backstrom,Alexis Arguello,Andrea de Cesaris,Roland Schoeman,
,,,,,,,,,,Libya,Mozambique,Mamelodi Sundowns,Georgia Tech Yellow Jackets,Sarnia Sting,,,,,,,,,,,,,Norbert Gombos,,Kurtley Beale,Vladimir Ivanov,,Libya,Thaddeus Young,Cory Sandhagen,Mozambique,Ravindra Jadeja,Mamelodi Sundowns,Dani Parejo,Georgia Tech Yellow Jackets,Denzel Ward,Puerto Rico Islanders,Jon Lester,Sepp Straka,Sarnia Sting,Steven Stamkos,Aaron Pryor,Pierluigi Martini,Cameron van der Burgh,
,,,,,,,,,,Luxembourg,Sierra Leone,Esperance de Tunis,Duke Blue Devils,Guelph Storm,,,,,,,,,,,,,Henri Laaksonen,,Liam Squire,Ivan Sozonov,,Luxembourg,Steven Adams,Frankie Edgar,Sierra Leone,Suresh Raina,Esperance de Tunis,Pablo Sarabia,Duke Blue Devils,Minkah Fitzpatrick,Criollos de Caguas,Kyle Hendricks,Richard Bland,Guelph Storm,Nikita Kucherov,Meldrick Taylor,Gabriele Tarquini,Penny Heyns,
,,,,,,,,,,Madagascar,Lesotho,Club Africain,Colorado Buffaloes,Owen Sound Attack,,,,,,,,,,,,,Michael Mmoh,,Alex Cuthbert,Chris Adcock,,Madagascar,Jusuf Nurki?,Pedro Munhoz,Lesotho,VVS Laxman,Club Africain,Eric Garcia,Colorado Buffaloes,Jamal Adams,Indios de Mayag¸ez,Jose Abreu,Andy Sullivan,Owen Sound Attack,Victor Hedman,Pernell Whitaker,Nicola Larini,Ryk Neethling,
,,,,,,,,,,Malta,Swaziland,Etoile du Sahel,Colorado State Rams,Saginaw Spirit,,,,,,,,,,,,,Sebastian Ofner,,Sam Johnson,Gabby Adcock,,Malta,P.J. Washington,John Lineker,Swaziland,Gautam Gambhir,Etoile du Sahel,Nico Williams,Colorado State Rams,Tyrann Mathieu,Leones de Ponce,Tim Anderson,Sam Horsfield,Saginaw Spirit,Brayden Point,Shane Mosley,Luca Badoer,Natalie du Toit,
,,,,,,,,,,Mauritania,Zambia,TP Mazembe,Utah State Aggies,Flint Firebirds,,,,,,,,,,,,,Nikoloz Basilashvili,,Will Skelton,Hafiz Hashim,,Mauritania,Patrick Beverley,Jimmie Rivera,Zambia,Harbhajan Singh,TP Mazembe,Carlos Soler,Utah State Aggies,Harrison Smith,Gigantes de Carolina,Yoan Moncada,Matt Wallace,Flint Firebirds,Mikhail Sergachev,Zab Judah,Vitantonio Liuzzi,Hugues Duboscq,
,,,,,,,,,,Mongolia,Seychelles,AS Vita Club,Fresno State Bulldogs,Barrie Colts,,,,,,,,,,,,,Taro Daniel,,Fraser Brown,Sony Dwi Kuncoro,,Mongolia,Jarrett Allen,Raphael AssunÁ„o,Seychelles,Zaheer Khan,AS Vita Club,Dani Ceballos,Fresno State Bulldogs,Justin Simmons,Atenienses de ManatÌ,Luis Robert,Marcus Armitage,Barrie Colts,Andrei Svechnikov,Vernon Forrest,Giorgio Pantano,David Verraszto,
,,,,,,,,,,Mozambique,Mauritius,Al Hilal,San Diego State Aztecs,North Bay Battalion,,,,,,,,,,,,,Alexei Vatutin,,Leone Nakarawa,Yeo Jia Min,,Mozambique,Evan Fournier,Rob Font,Mauritius,Parthiv Patel,Al Hilal,Inigo Martinez,San Diego State Aztecs,Derwin James,Tigres de Chinandega,Eloy Jimenez,Jordan Smith,North Bay Battalion,Sebastian Aho,Paul Williams,Antonio Pizzonia,Daniel Gyurta,
,,,,,,,,,,Namibia,Maldives,Al Ittihad,Nevada Wolf Pack,Sudbury Wolves,,,,,,,,,,,,,Marc-Andrea Huesler,,Rob Valetini,Loh Kean Yew,,Namibia,Rui Hachimura,Marlon Vera,Maldives,Sunil Gavaskar,Al Ittihad,Rodrigo Moreno,Nevada Wolf Pack,Kevin Byard,LeÛn Leones,Lucas Giolito,,Sudbury Wolves,Dougie Hamilton,Antonio Margarito,Jos Verstappen,Krisztina Egerszegi,
,,,,,,,,,,Nepal,,Al Nassr,Wyoming Cowboys,Mississauga Steelheads,,,,,,,,,,,,,Nuno Borges,,,Markis Kido,,Nepal,Bogdan Bogdanovi?,Sean O'Malley,,Kapil Dev,Al Nassr,Kepa Arrizabalaga,Wyoming Cowboys,Jessie Bates III,BÛer Indios,Dallas Keuchel,,Mississauga Steelheads,Alex Pietrangelo,Sergio Martinez,Jan Magnussen,Anita Alvarez,
,,,,,,,,,,Oman,,Al Ain,SMU Mustangs,Niagara IceDogs,,,,,,,,,,,,,Roger Federer,,,Kido Hendra Setiawan,,Oman,Lauri Markkanen,Yair Rodriguez,,Arjuna Ranatunga,Al Ain,Ander Herrera,SMU Mustangs,Budda Baker,Rivas Tigres,Lance Lynn,,Niagara IceDogs,Max Pacioretty,Carlos Monzon,Pedro Lamy,Ashley Twichell,
,,,,,,,,,,Pakistan,,Al Sadd,Houston Cougars,Ottawa 67's,,,,,,,,,,,,,Rafael Nadal,,,,,Pakistan,Devonte' Graham,Chan Sung Jung,,Chaminda Vaas,Al Sadd,Adama Traore,Houston Cougars,Eddie Jackson,Marineros de Carabobo,Liam Hendriks,,Ottawa 67's,Marc-Andre Fleury,Steve Collins,Alexander Wurz,Haley Anderson,
,,,,,,,,,,Papua New Guinea,,Persepolis,Tulane Green Wave,Oshawa Generals,,,,,,,,,,,,,Serena Williams,,,,,Papua New Guinea,Kyle Kuzma,Brian Ortega,,Angelo Mathews,Persepolis,Marcos Alonso,Tulane Green Wave,Jordan Poyer,Cuban National Team,Trevor Story,,Oshawa Generals,Robin Lehner,Michael Watson,Alex Zanardi,Keri-Anne Payne,
,,,,,,,,,,Paraguay,,Esteghlal,Temple Owls,Peterborough Petes,,,,,,,,,,,,,Naomi Osaka,,,,,Paraguay,Mikal Bridges,Calvin Kattar,,Dimuth Karunaratne,Esteghlal,Hector Bellerin,Temple Owls,Malcolm Jenkins,Industriales,Charlie Blackmon,,Peterborough Petes,Jack Eichel,Gerald McClellan,Marc Gene,Rebecca Adlington,
,,,,,,,,,,Peru,,Tractor,Cincinnati Bearcats,Kingston Frontenacs,,,,,,,,,,,,,Andy Murray,,,,,Peru,Mitchell Robinson,Josh Emmett,,Dinesh Chandimal,Tractor,Unai Simon,Cincinnati Bearcats,Marcus Maye,Santiago de Cuba,Nolan Arenado,,Kingston Frontenacs,Taylor Hall,James DeGale,Esteban Gutierrez,Siobhan-Marie O'Connor,
,,,,,,,,,,Rwanda,,Sepahan,Marshall Thundering Herd,Quebec Remparts,,,,,,,,,,,,,Ashleigh Barty,,,,,Rwanda,Lou Williams,Shane Burgos,,Kusal Perera,Sepahan,Sergi Roberto,Marshall Thundering Herd,Adrian Amos,Villa Clara,German Marquez,,Quebec Remparts,Rasmus Dahlin,Billy Joe Saunders,Felipe Nasr,Elizabeth Beisel,
,,,,,,,,,,Sierra Leone,,Yokohama F. Marinos,Appalachian State Mountaineers,Rouyn-Noranda Huskies,,,,,,,,,,,,,Simona Halep,,,,,Sierra Leone,Danilo Gallinari,Arnold Allen,,Rangana Herath,Yokohama F. Marinos,Mikel Merino,Appalachian State Mountaineers,John Johnson III,Pinar del RÌo,Jon Gray,,Rouyn-Noranda Huskies,Jeff Skinner,Frank Warren,Rio Haryanto,Matt Grevers,
,,,,,,,,,,Solomon Islands,,Urawa Red Diamonds,Louisiana Ragin' Cajuns,Sherbrooke Phoenix,,,,,,,,,,,,,Venus Williams,,,,,Solomon Islands,Jonathan Isaac,Dan Ige,,Kyle Jamieson,Urawa Red Diamonds,Hugo Lloris,Louisiana Ragin' Cajuns,Chuck Clark,Ciego de ¡vila,Daniel Murphy,,Sherbrooke Phoenix,Sam Reinhart,Eddie Hearn,Jules Bianchi,Anthony Ervin,
,,,,,,,,,,Somalia,,Kawasaki Frontale,Coastal Carolina Chanticleers,Victoriaville Tigres,,,,,,,,,,,,,Maria Sharapova,,,,,Somalia,Robert Williams III,Bryce Mitchell,,Martin Guptill,Kawasaki Frontale,Lucas Hernandez,Coastal Carolina Chanticleers,Logan Ryan,Camag¸ey,David Dahl,,Victoriaville Tigres,Elias Pettersson,Bob Arum,Pascal Wehrlein,Cullen Jones,
,,,,,,,,,,South Africa,,FC Tokyo,Georgia Southern Eagles,Gatineau Olympiques,,,,,,,,,,,,,Stan Wawrinka,,,,,South Africa,Derrick White,Giga Chikadze,,Trent Boult,FC Tokyo,Theo Hernandez,Georgia Southern Eagles,Micah Hyde,Granma,Scott Oberg,,Gatineau Olympiques,Quinn Hughes,Don King,Marcus Winkelhock,David Plummer,
,,,,,,,,,,Sri Lanka,,Vissel Kobe,Troy Trojans,Drummondville Voltigeurs,,,,,,,,,,,,,Juan Martin del Potro,,,,,Sri Lanka,Anfernee Simons,Edson Barboza,,Tim Southee,Vissel Kobe,Benjamin Pavard,Troy Trojans,Landon Collins,Guant·namo,Javier Baez,,Drummondville Voltigeurs,Bo Horvat,Al Haymon,Christijan Albers,Brendan Hansen,
,,,,,,,,,,Sudan,,Kashima Antlers,Texas State Bobcats,Blainville-Boisbriand Armada,,,,,,,,,,,,,Coco Gauff,,,,,Sudan,Brandon Clarke,Jeremy Stephens,,Tom Latham,Kashima Antlers,Dayot Upamecano,Texas State Bobcats,Tre Boston,Las Tunas,Kris Bryant,,Blainville-Boisbriand Armada,Brock Boeser,Lou DiBella,Tiago Monteiro,Jason Lezak,
,,,,,,,,,,Suriname,,Gamba Osaka,UAB Blazers,Chicoutimi Sagueneens,,,,,,,,,,,,,Petra Kvitova,,,,,Suriname,Cam Reddish,Andre Fili,,Colin de Grandhomme,Gamba Osaka,Nabil Fekir,UAB Blazers,Tashaun Gipson,HolguÌn,Anthony Rizzo,,Chicoutimi Sagueneens,Thatcher Demko,Frank Maloney,Robert Doornbos,Gary Hall Jr.,
,,,,,,,,,,Tanzania,,Guangzhou Evergrande,Western Kentucky Hilltoppers,Rimouski Oceanic,,,,,,,,,,,,,Victoria Azarenka,,,,,Tanzania,Onyeka Okongwu,Hakeem Dawodu,,Matt Henry,Guangzhou Evergrande,Moussa Sissoko,Western Kentucky Hilltoppers,Darnell Savage,Matanzas,Willson Contreras,,Rimouski Oceanic,Johnny Gaudreau,Buddy McGirt,Franck Montagny,Tom Malchow,
,,,,,,,,,,Togo,,Shanghai SIPG,Middle Tennessee Blue Raiders,Moncton Wildcats,,,,,,,,,,,,,,,,,,Togo,Saddiq Bey,Mirsad Bektic,,Lockie Ferguson,Shanghai SIPG,Anthony Martial,Middle Tennessee Blue Raiders,Rodney McLeod,Sancti SpÌritus,Kyle Schwarber,,Moncton Wildcats,Sean Monahan,Freddie Roach,Yuji Ide,Erik Vendt,
,,,,,,,,,,Trinidad and Tobago,,Beijing Guoan,Florida Atlantic Owls,Saint John Sea Dogs,,,,,,,,,,,,,,,,,,Trinidad and Tobago,Richaun Holmes,Ilia Topuria,,Henry Nicholls,Beijing Guoan,Olivier Giroud,Florida Atlantic Owls,Vonn Bell,Isla de la Juventud,Craig Kimbrel,,Saint John Sea Dogs,Mark Giordano,Angelo Dundee,Sakon Yamamoto,Tom Dolan,
,,,,,,,,,,Turkmenistan,,Shandong Luneng,Charlotte 49ers,Acadie-Bathurst Titan,,,,,,,,,,,,,,,,,,Turkmenistan,Keldon Johnson,Zabit Magomedsharipov,,Sanju Samson,Shandong Luneng,Ousmane Dembele,Charlotte 49ers,Deion Sanders,Lobos de Arecibo,Zach Davies,,Acadie-Bathurst Titan,Elias Lindholm,Emanuel Steward,Timo Bernhard,Jeff Rouse,
,,,,,,,,,,Uganda,,Jiangsu Suning,Louisiana Tech Bulldogs,Halifax Mooseheads,,,,,,,,,,,,,,,,,,Uganda,Obi Toppin,Manel Kape,,Axar Patel,Jiangsu Suning,Wissam Ben Yedder,Louisiana Tech Bulldogs,Champ Bailey,Bravos de LeÛn,Kyle Lewis,,Halifax Mooseheads,Jacob Markstrom,Cus D'Amato,Brendon Hartley,Josh Davis,
,,,,,,,,,,Zambia,,Sydney FC,Southern Miss Golden Eagles,Charlottetown Islanders,,,,,,,,,,,,,,,,,,Zambia,De'Andre Hunter,Alexandre Pantoja,,Mayank Agarwal,Sydney FC,Marcus Thuram,Southern Miss Golden Eagles,Charles Woodson,Tigres de Quintana Roo,Mitch Haniger,,Charlottetown Islanders,Clayton Keller,Teddy Atlas,Nelson Piquet Jr.,Mel Stewart,
,,,,,,,,,,Zimbabwe,,Melbourne Victory,North Texas Mean Green,Val-d'Or Foreurs,,,,,,,,,,,,,,,,,,Zimbabwe,Jaden Ivey,Brandon Moreno,,Ruturaj Gaikwad,Melbourne Victory,Eduardo Camavinga,North Texas Mean Green,Rod Woodson,Guerreros de Oaxaca,Marco Gonzales,,Val-d'Or Foreurs,Oliver Ekman-Larsson,Virgil Hunter,Jerome d'Ambrosio,Nelson Diebel,
,,,,,,,,,,Andorra,,Perth Glory,Rice Owls,Hamilton Bulldogs,,,,,,,,,,,,,,,,,,Andorra,Tyrese Haliburton,Deiveson Figueiredo,,Prithvi Shaw,Perth Glory,Jules Kounde,Rice Owls,Darrell Green,Olmecas de Tabasco,Yusei Kikuchi,,Hamilton Bulldogs,Phil Kessel,Abel Sanchez,Vitaly Petrov,Pablo Morales,
,,,,,,,,,,Armenia,,Wellington Phoenix,Old Dominion Monarchs,Erie Otters,,,,,,,,,,,,,,,,,,Armenia,Deni Avdija,Joseph Benavidez,,Navdeep Saini,Wellington Phoenix,Kingsley Coman,Old Dominion Monarchs,Mel Blount,Pericos de Puebla,Justus Sheffield,,Erie Otters,Darcy Kuemper,Robert Garcia,Sergey Sirotkin,Summer Sanders,
,,,,,,,,,,Bahamas,,Adelaide United,UTEP Miners,Team Canada,,,,,,,,,,,,,,,,,,Bahamas,Jalen Green,Alex Perez,,Shardul Thakur,Adelaide United,Adrien Rabiot,UTEP Miners,Mike Haynes,Piratas de Campeche,Jarred Kelenic,,Team Canada,Dylan Larkin,Joe Goossen,Daniil Kvyat,Shirley Babashoff,
,,,,,,,,,,Barbados,,Western Sydney Wanderers,FIU Panthers,Avangard Omsk,,,,,,,,,,,,,,,,,,Barbados,Isaiah Stewart,Kai Kara-France,,Deepak Chahar,Western Sydney Wanderers,Ibrahima Konate,FIU Panthers,Night Train Lane,Rojos del ¡guila de Veracruz,Julio Rodriguez,,Avangard Omsk,Anthony Mantha,Kevin Rooney,Charles Pic,John Naber,
,,,,,,,,,,Belize,,Santos,Eastern Michigan Eagles,Ak Bars Kazan,,,,,,,,,,,,,,,,,,Belize,Killian Hayes,Askar Askarov,,Washington Sundar,Santos,Presnel Kimpembe,Eastern Michigan Eagles,Ty Law,Saraperos de Saltillo,J.P. Crawford,,Ak Bars Kazan,Tyler Bertuzzi,Roger Mayweather,Max Chilton,Steve Lundquist,
,,,,,,,,,,Bermuda,,Flamengo,Central Michigan Chippewas,Dynamo Moscow,,,,,,,,,,,,,,,,,,Bermuda,James Wiseman,Matt Schnell,,Devdutt Padikkal,Flamengo,Moussa Diaby,Central Michigan Chippewas,Ronde Barber,Sultanes de Monterrey,Evan White,,Dynamo Moscow,Moritz Seider,Eddie Futch,Will Stevens,Mary T. Meagher,
,,,,,,,,,,Bhutan,,Palmeiras,Western Michigan Broncos,SKA Saint Petersburg,,,,,,,,,,,,,,,,,,Bhutan,Patrick Williams,Tim Elliott,,Mohammed Rizwan,Palmeiras,Alphonso Davies,Western Michigan Broncos,Aeneas Williams,Toros de Tijuana,Rafael Devers,,SKA Saint Petersburg,Filip Zadina,Nacho Beristain,Jolyon Palmer,Tracy Caulkins,
,,,,,,,,,,Bolivia,,Sao Paulo,Northern Illinois Huskies,CSKA Moscow,,,,,,,,,,,,,,,,,,Bolivia,Desmond Bane,Jordan Espinosa,,Sarfaraz Ahmed,Sao Paulo,Weston McKennie,Northern Illinois Huskies,Lester Hayes,Acereros de Monclova,Xander Bogaerts,,CSKA Moscow,Jonathan Huberdeau,Enzo Calzaghe,Nico Hulkenberg,Michael Gross,
,,,,,,,,,,Botswana,,Corinthians,Ball State Cardinals,Spartak Moscow,,,,,,,,,,,,,,,,,,Botswana,Tyrese Maxey,Rogerio Bontorin,,Shaheen Afridi,Corinthians,Christian Pulisic,Ball State Cardinals,Jimmy Johnson,Diablos Rojos del MÈxico,J.D. Martinez,,Spartak Moscow,Aleksander Barkov,Richie Woodhall,Felipe Drugovich,Sandra Vˆlker,
,,,,,,,,,,Brunei,,Gremio,Toledo Rockets,Salavat Yulaev Ufa,,,,,,,,,,,,,,,,,,Brunei,Zeke Nnaji,Sumudaerji,,Wahab Riaz,Gremio,Sergino Dest,Toledo Rockets,Darrelle Revis,Leones de Yucat·n,Alex Verdugo,,Salavat Yulaev Ufa,Aaron Ekblad,Pat Barrett,Rinus VeeKay,Michael Klim,
,,,,,,,,,,Cambodia,,Internacional,Bowling Green Falcons,Metallurg Magnitogorsk,,,,,,,,,,,,,,,,,,Cambodia,Aleksej Pokuöevski,Malcolm Gordon,,Yasir Shah,Internacional,Giovanni Reyna,Bowling Green Falcons,Richard Sherman,Algodoneros de UniÛn Laguna,Chris Sale,,Metallurg Magnitogorsk,Claude Giroux,Chris Eubank Jr.,Callum Ilott,Kieren Perkins,
,,,,,,,,,,Cayman Islands,,Atletico Mineiro,Miami RedHawks,Lokomotiv Yaroslavl,,,,,,,,,,,,,,,,,,Cayman Islands,Isaiah Joe,Tagir Ulanbekov,,Asad Shafiq,Atletico Mineiro,Tyler Adams,Miami RedHawks,Patrick Peterson,Tecolotes de los Dos Laredos,Nathan Eovaldi,,Lokomotiv Yaroslavl,Sean Couturier,Josh Taylor,Antonio Giovinazzi,Sam Riley,
,,,,,,,,,,Comoros,,Cruzeiro,Akron Zips,Torpedo Nizhny Novgorod,,,,,,,,,,,,,,,,,,Comoros,Peyton Pritchard,Tyson Nam,,Mohammad Hafeez,Cruzeiro,John Brooks,Akron Zips,Aqib Talib,Peoria Chiefs,Eduardo Rodriguez,,Torpedo Nizhny Novgorod,Jakub Voracek,Carl Frampton,Mick Schumacher,Daniel Kowalski,
,,,,,,,,,,Cook Islands,,Fluminense,Kent State Golden Flashes,Barys Nur-Sultan,,,,,,,,,,,,,,,,,,Cook Islands,Cole Anthony,Raulian Paiva,,Darren Bravo,Fluminense,Chris Richards,Kent State Golden Flashes,Jalen Ramsey,Tokyo Swallows,Tanner Houck,,Barys Nur-Sultan,Carter Hart,Barry McGuigan,Nikita Mazepin,Susie O'Neill,
,,,,,,,,,,Costa Rica,,Botafogo,Buffalo Bulls,Dinamo Riga,,,,,,,,,,,,,,,,,,Costa Rica,Theo Maledon,David Dvorak,,Shimron Hetmyer,Botafogo,Timothy Weah,Buffalo Bulls,Marcus Peters,Taipei Tigers,Matt Barnes,,Dinamo Riga,Travis Konecny,Michael Conlan,Yuki Tsunoda,Leisel Jones,
,,,,,,,,,,Cyprus,,Boca Juniors,Rutgers Scarlet Knights,Dinamo Minsk,,,,,,,,,,,,,,,,,,Cyprus,Malachi Flynn,Jarred Brooks,,Nicholas Pooran,Boca Juniors,Yunus Musah,Rutgers Scarlet Knights,Joe Haden,Beijing Dragons,Christian Vazquez,,Dinamo Minsk,Kris Letang,Ricky Burns,Oscar Piastri,Libby Trickett,
,,,,,,,,,,Djibouti,,River Plate,UConn Huskies,Jokerit Helsinki,,,,,,,,,,,,,,,,,,Djibouti,Tre Jones,Blagoy Ivanov,,Sheldon Cottrell,River Plate,Josh Sargent,UConn Huskies,Stephon Gilmore,Sydney Comets,Gleyber Torres,,Jokerit Helsinki,Jake Guentzel,Lee Selby,Theo Pourchaire,Dawn Fraser,
,,,,,,,,,,Eritrea,,Independiente,Hawaii Rainbow Warriors,Severstal Cherepovets,,,,,,,,,,,,,,,,,,Eritrea,Grant Williams,Tai Tuivasa,,Kesrick Williams,Independiente,Matt Turner,Hawaii Rainbow Warriors,Marshawn Lynch,Auckland Zephyrs,Gio Urshela,,Severstal Cherepovets,Matt Murray,Dillian Whyte,Christian Lundgaard,Murray Rose,
,,,,,,,,,,Equatorial Guinea,,Racing Club,New Mexico Lobos,Vityaz Podolsk,,,,,,,,,,,,,,,,,,Equatorial Guinea,Jordan Poole,Ciryl Gane,,Alzarri Joseph,Racing Club,Miles Robinson,New Mexico Lobos,Frank Gore,Perth Thunder,Gary Sanchez,,Vityaz Podolsk,Zach Parise,Dereck Chisora,Nyck de Vries,John Konrads,
,,,,,,,,,,Eswatini,,San Lorenzo,San Jose State Spartans,Kunlun Red Star,,,,,,,,,,,,,,,,,,Eswatini,Cameron Johnson,Augusto Sakai,,Hayden Walsh Jr.,San Lorenzo,Brenden Aaronson,San Jose State Spartans,Adrian Peterson,Melbourne Meteors,Aroldis Chapman,,Kunlun Red Star,Kevin Fiala,Tony Bellew,Pietro Fittipaldi,Shane Gould,
,,,,,,,,,,Gibraltar,,Estudiantes,UNLV Rebels,Amur Khabarovsk,,,,,,,,,,,,,,,,,,Gibraltar,Jarred Vanderbilt,Sergey Spivak,,Roston Chase,Estudiantes,Ricardo Pepi,UNLV Rebels,Derrick Henry,Jakarta Warriors,Gerrit Cole,,Amur Khabarovsk,Mats Zuccarello,Joe Joyce,Emerson Fittipaldi Jr.,Tracey Wickham,
,,,,,,,,,,Grenada,,Velez Sarsfield,New Mexico State Aggies,Neftekhimik Nizhnekamsk,,,,,,,,,,,,,,,,,,Grenada,Lonnie Walker IV,Chris Daukaus,,Shai Hope,Velez Sarsfield,Zack Steffen,New Mexico State Aggies,Alvin Kamara,Manila Eagles,Jameson Taillon,,Neftekhimik Nizhnekamsk,Jason Zucker,Daniel Dubois,Logan Sargeant,Michael Wenden,
,,,,,,,,,,Guam,,Rosario Central,Idaho Vandals,Sibir Novosibirsk,,,,,,,,,,,,,,,,,,Guam,Naz Reid,Greg Hardy,,Kieron Pollard,Rosario Central,DeAndre Yedlin,Idaho Vandals,Dalvin Cook,Bangkok Cobras,Luis Severino,,Sibir Novosibirsk,Mikko Koivu,Hughie Fury,Dan Ticktum,Susie Maroney,
,,,,,,,,,,Guyana,,Newell's Old Boys,Massachusetts Minutemen,Traktor Chelyabinsk,,,,,,,,,,,,,,,,,,Guyana,Jalen Smith,Justin Willis,,Lendl Simmons,Newell's Old Boys,Sam Vines,Massachusetts Minutemen,Ezekiel Elliott,Singapore Sluggers,Masahiro Tanaka,,Traktor Chelyabinsk,Dustin Brown,Herbie Hide,Jack Aitken,Michelle Ford,
,,,,,,,,,,Haiti,,Colo-Colo,Army West Point Black Knights,Admiral Vladivostok,,,,,,,,,,,,,,,,,,Haiti,Quentin Grimes,Shamil Abdurakhimov,,Andre Russell,Colo-Colo,Gyasi Zardes,Army West Point Black Knights,Christian McCaffrey,Kuala Lumpur Knights,Mike Trout,,Admiral Vladivostok,Ilya Kovalchuk,David Price,Tatiana Calderon,Petria Thomas,
,,,,,,,,,,Honduras,,Universidad de Chile,UMass Minutemen,Lada Togliatti,,,,,,,,,,,,,,,,,,Honduras,Bones Hyland,Marcin Tybura,,Dwayne Bravo,Universidad de Chile,Alfredo Morelos,UMass Minutemen,Saquon Barkley,Hanoi Stars,Anthony Rendon,,Lada Togliatti,Tyler Toffoli,Audley Harrison,Jamie Chadwick,Melinda Gainsford-Taylor,
,,,,,,,,,,Laos,,Universidad Catolica,Connecticut Huskies,Slovan Bratislava,,,,,,,,,,,,,,,,,,Laos,Moses Moody,Walt Harris,,Carlos Brathwaite,Universidad Catolica,Luis Diaz,Connecticut Huskies,Nick Chubb,Ho Chi Minh City Cyclones,Jared Walsh,,Slovan Bratislava,Jeff Carter,Julius Francis,Juan Pablo Montoya,Daiya Seto,
,,,,,,,,,,Lesotho,,Penarol,Liberty Flames,Vienna Capitals,,,,,,,,,,,,,,,,,,Lesotho,Chris Duarte,Alexander Volkov,,Sunil Narine,Penarol,Juan Cuadrado,Liberty Flames,Josh Jacobs,Bangkok Titans,David Fletcher,,Vienna Capitals,Brent Burns,Gary Mason,Dani Sordo,Rikako Ikee,
,,,,,,,,,,Macau,,Nacional,Jacksonville State Gamecocks,Red Bull Salzburg,,,,,,,,,,,,,,,,,,Macau,Jalen Suggs,Tom Aspinall,,Oshane Thomas,Nacional,Davinson Sanchez,Jacksonville State Gamecocks,Jonathan Taylor,Taipei Twisters,Albert Pujols,,Red Bull Salzburg,Logan Couture,Joe Bugner,Dani Juncadella,Ryosuke Irie,
,,,,,,,,,,Maldives,,Cerro Porteno,Sam Houston State Bearkats,KAC Klagenfurt,,,,,,,,,,,,,,,,,,Maldives,Franz Wagner,Sergei Pavlovich,,Lungi Ngidi,Cerro Porteno,James Rodriguez,Sam Houston State Bearkats,Aaron Jones,Beijing Bears,Justin Upton,,KAC Klagenfurt,Tomas Hertl,Henry Akinwande,Roberto Merhi,Naoya Tomita,
,,,,,,,,,,Marshall Islands,,Libertad,James Madison Dukes,Villacher SV,,,,,,,,,,,,,,,,,,Marshall Islands,Jonathan Kuminga,Aleksei Oleinik,,Dwaine Pretorius,Libertad,Rafael Borre,James Madison Dukes,Leonard Fournette,,Joe Adell,,Villacher SV,Martin Jones,John Conteh,,Takeshi Matsuda,
,,,,,,,,,,Micronesia,,Alianza Lima,,HC Bolzano,,,,,,,,,,,,,,,,,,Micronesia,Josh Giddey,Mark Hunt,,Temba Bavuma,Alianza Lima,Duvan Zapata,,Joe Mixon,,Andrew Heaney,,HC Bolzano,Marc-Edouard Vlasic,Tony Sibson,,Tomomi Morita,
,,,,,,,,,,,,Sporting Cristal,,Orli Znojmo,,,,,,,,,,,,,,,,,,,Corey Kispert,Jairzinho Rozenstruik,,Rassie van der Dussen,Sporting Cristal,Cristian Borja,,Chris Carson,,Dylan Bundy,,Orli Znojmo,Evander Kane,Alan Minter,,Aya Terakawa,
,,,,,,,,,,,,Universitario,,EHC Biel,,,,,,,,,,,,,,,,,,,Keon Johnson,Juan Espino,,Aiden Markram,Universitario,Wilmar Barrios,,David Montgomery,,Shohei Ohtani,,EHC Biel,Joe Pavelski,Herol Graham,,Satomi Suzuki,
,,,,,,,,,,,,America de Cali,,HC Davos,,,,,,,,,,,,,,,,,,,Usman Garuba,Maurice Greene,,Lizaad Williams,America de Cali,Yerry Mina,,Austin Ekeler,,J.T. Realmuto,,HC Davos,John Klingberg,Clinton Woods,,Yui Ohashi,
,,,,,,,,,,,,Atletico Nacional,,SC Bern,,,,,,,,,,,,,,,,,,,Trey Murphy III,Parker Porter,,Keshav Maharaj,Atletico Nacional,Edwin Cardona,,Miles Sanders,,Bryce Harper,,SC Bern,Miro Heiskanen,George Groves,,Reona Aoki,
,,,,,,,,,,,,Millonarios,,ZSC Lions,,,,,,,,,,,,,,,,,,,Ziaire Williams,Tanner Boser,,Tabraiz Shamsi,Millonarios,Camilo Vargas,,J.K. Dobbins,,Rhys Hoskins,,ZSC Lions,Ben Bishop,Callum Smith,,Geoff Huegill,
,,,,,,,,,,,,Santa Fe,,Lausanne HC,,,,,,,,,,,,,,,,,,,Brandon Boston Jr.,Jarjis Danho,,Reeza Hendricks,Santa Fe,Matheus Uribe,,Kareem Hunt,,Didi Gregorius,,Lausanne HC,Anton Khudobin,Rocky Fielding,,Matthew Dunn,
,,,,,,,,,,,,Deportivo Cali,,Fribourg-Gottéron,,,,,,,,,,,,,,,,,,,Davion Mitchell,Daniel Omielanczuk,,Heinrich Klaasen,Deportivo Cali,Gustavo Cuellar,,James Conner,,Aaron Nola,,Fribourg-GottÈron,Blake Wheeler,Martin Murray,,Chris Fydler,
,,,,,,,,,,,,Junior,,HC Lugano,,,,,,,,,,,,,,,,,,,Ayo Dosunmu,Andrei Arlovski,,Mitchell Santner,Junior,Jhon Cordoba,,Melvin Gordon,,Zack Wheeler,,HC Lugano,Mark Scheifele,Darren Barker,,Scott Miller,
,,,,,,,,,,,,Club America,,Genève-Servette HC,,,,,,,,,,,,,,,,,,,Alperen ?eng¸n,Ben Rothwell,,Ish Sodhi,Club America,Radamel Falcao,,Cam Akers,,Jean Segura,,GenËve-Servette HC,Patrik Laine,Andy Lee,,Susan O'Neill,
,,,,,,,,,,,,Leon,,EV Zug,,,,,,,,,,,,,,,,,,,Sharife Cooper,Stefan Struve,,Tom Blundell,Leon,Jefferson Lerma,,Antonio Gibson,,Andrew McCutchen,,EV Zug,Kyle Connor,Matthew Macklin,,Jodie Henry,
,,,,,,,,,,,,Tijuana,,Rapperswil-Jona Lakers,,,,,,,,,,,,,,,,,,,Sandro Mamukelashvili,Junior dos Santos,,Hamish Bennett,Tijuana,Jairo Moreno,,Devin Singletary,,Alec Bohm,,Rapperswil-Jona Lakers,Connor Hellebuyck,Kevin Mitchell,,Alice Mills,
,,,,,,,,,,,,Atlas,,SCL Tigers,,,,,,,,,,,,,,,,,,,Jared Butler,Derrick Lewis,,Kyle Mills,Atlas,Stefan Medina,,Phillip Lindsay,,Max Fried,,SCL Tigers,Josh Morrissey,Josh Warrington,,Linda Mackenzie,
,,,,,,,,,,,,Herediano,,Kloten Flyers,,,,,,,,,,,,,,,,,,,JT Thor,Curtis Blaydes,,Brendon Taylor,Herediano,Santiago Arias,,Raheem Mostert,,Mike Soroka,,Kloten Flyers,Bryan Little,Kid Galahad,,Brenton Rickard,
,,,,,,,,,,,,Saprissa,,Växjö Lakers,,,,,,,,,,,,,,,,,,,Luka Garza,Alexey Oleynik,,Elton Chigumbura,Saprissa,Johan Mojica,,Kenyan Drake,,Ian Anderson,,V‰xjˆ Lakers,Nik Ehlers,Leo Santa Cruz,,Ashley Callus,
,,,,,,,,,,,,Alajuelense,,Frölunda HC,,,,,,,,,,,,,,,,,,,Joe Wieskamp,Sergey Pavlovich,,Sikandar Raza,Alajuelense,Jesus Corona,,D'Andre Swift,,Ronald AcuÒa Jr.,,Frˆlunda HC,John Gibson,Abner Mares,,Andrew Lauterstein,
,,,,,,,,,,,,Comunicaciones,,Skellefteå AIK,,,,,,,,,,,,,,,,,,,Isaiah Jackson,Rodrigo Nascimento,,Sean Williams,Comunicaciones,Diego Lainez,,Zack Moss,,Freddie Freeman,,SkellefteÂ AIK,Ryan Getzlaf,Nonito Donaire,,Eamon Sullivan,
,,,,,,,,,,,,Municipal,,Luleå HF,,,,,,,,,,,,,,,,,,,Charles Bassey,Chase Sherman,,Craig Ervine,Municipal,Ricardo Rodriguez,,Gus Edwards,,Ozzie Albies,,LuleÂ HF,Rickard Rakell,Guillermo Rigondeaux,,Kylie Palmer,
,,,,,,,,,,,,Motagua,,Djurgårdens IF,,,,,,,,,,,,,,,,,,,David Duke Jr.,Justin Tafa,,Tendai Chatara,Motagua,Xherdan Shaqiri,,Tony Pollard,,Dansby Swanson,,DjurgÂrdens IF,Jakob Silfverberg,Orlando Salido,,Jess Schipper,
,,,,,,,,,,,,Olimpia,,Brynäs IF,,,,,,,,,,,,,,,,,,,Herbert Jones,Carlos Felipe,,Blessing Muzarabani,Olimpia,Granit Xhaka,,Clyde Edwards-Helaire,,Austin Riley,,Bryn‰s IF,Cam Fowler,Teofimo Lopez,,Belinda Hocking,
,,,,,,,,,,,,Marathón,,Färjestad BK,,,,,,,,,,,,,,,,,,,Santi Aldama,Ilir Latifi,,Chris Mpofu,MarathÛn,Haris Seferovic,,Najee Harris,,Cristian Pache,,F‰rjestad BK,Hampus Lindholm,Richard Commey,,Kate Campbell,
,,,,,,,,,,,,Seattle Sounders,,HV71,,,,,,,,,,,,,,,,,,,Aaron Wiggins,Roman Dolidze,,Regis Chakabva,Seattle Sounders,Fabian Schar,,Trey Sermon,,Vladimir Guerrero Jr.,,HV71,Adam Henrique,Gervonta Davis,,Melanie Schlanger,
,,,,,,,,,,,,LA Galaxy,,Malmö Redhawks,,,,,,,,,,,,,,,,,,,Neemias Queta,Michal Oleksiejczuk,,Peter Moor,LA Galaxy,Yann Sommer,,Michael Thomas,,Bo Bichette,,Malmˆ Redhawks,Nick Schmaltz,Devin Haney,,Alicia Coutts,
,,,,,,,,,,,,LAFC,,Rögle BK,,,,,,,,,,,,,,,,,,,Joe Ingles,Edmen Shahbazyan,,Hamilton Masakadza,LAFC,Manuel Akanji,,Julio Jones,,George Springer,,Rˆgle BK,Conor Garland,Ryan Garcia,,Maddie Groves,
,,,,,,,,,,,,New York City FC,,Örebro HK,,,,,,,,,,,,,,,,,,,Goga Bitadze,Brendan Allen,,Graeme Cremer,New York City FC,Steven Zuber,,DeAndre Hopkins,,Marcus Semien,,÷rebro HK,Jakob Chychrun,Luke Campbell,,Taylor McKeown,
,,,,,,,,,,,,New York Red Bulls,,Linköping HC,,,,,,,,,,,,,,,,,,,Kessler Edwards,Punahele Soriano,,Richmond Mutumbami,New York Red Bulls,Denis Zakaria,,Davante Adams,,Teoscar Hernandez,,Linkˆping HC,Filip Hronek,Jorge Linares,,Emma McKeon,
,,,,,,,,,,,,Atlanta United,,Karlskrona HK,,,,,,,,,,,,,,,,,,,Anthony Edwards,Trevin Giles,,Ryan Burl,Atlanta United,Silvan Widmer,,Tyreek Hill,,Hyun Jin Ryu,,Karlskrona HK,Jonathan Bernier,Mikey Garcia,,Brittany Elmslie,
,,,,,,,,,,,,Portland Timbers,,SaiPa Lappeenranta,,,,,,,,,,,,,,,,,,,Moses Brown,Dalcha Lungiambula,,Tino Mawoyo,Portland Timbers,Nico Elvedi,,Stefon Diggs,,Nate Pearson,,SaiPa Lappeenranta,Keith Yandle,Robert Easter Jr.,,Cameron McEvoy,
,,,,,,,,,,,,Toronto FC,,HIFK Helsinki,,,,,,,,,,,,,,,,,,,Jaxson Hayes,Anthony Hernandez,,Dwayne Smith,Toronto FC,Breel Embolo,,Keenan Allen,,Lourdes Gurriel Jr.,,HIFK Helsinki,Mike Hoffman,Adrien Broner,,Mitch Larkin,
,,,,,,,,,,,,CF Montreal,,Ilves Tampere,,,,,,,,,,,,,,,,,,,Nickeil Alexander-Walker,Rodolfo Vieira,,Rayad Emrit,CF Montreal,Mario Gavranovic,,Chris Godwin,,Randal Grichuk,,Ilves Tampere,Kevin Hayes,Regis Prograis,,Daniel Smith,
,,,,,,,,,,,,Vancouver Whitecaps,,Tappara Tampere,,,,,,,,,,,,,,,,,,,Chimezie Metu,Nassourdine Imavov,,Denesh Ramdin,Vancouver Whitecaps,Jordan Shaqiri,,Mike Evans,,Cavan Biggio,,Tappara Tampere,Ivan Provorov,Maurice Hooker,,James Roberts,
,,,,,,,,,,,,D.C. United,,TPS Turku,,,,,,,,,,,,,,,,,,,Isaac Okoro,Makhmud Muradov,,Devon Conway,D.C. United,Bruno Fernandes,,A.J. Brown,,Jose Berrios,,TPS Turku,Brendan Gallagher,Jose Ramirez,,Travis Mahoney,
,,,,,,,,,,,,Columbus Crew,,Lukko Rauma,,,,,,,,,,,,,,,,,,,Darius Bazley,Karl Roberson,,Rilee Rossouw,Columbus Crew,Joao Felix,,Justin Jefferson,,Eddie Rosario,,Lukko Rauma,Jonathan Drouin,Viktor Postol,,Tom Fraser-Holmes,
,,,,,,,,,,,,Chicago Fire,,Ässät Pori,,,,,,,,,,,,,,,,,,,Luguentz Dort,Andrew Sanchez,,Kyle Abbott,Chicago Fire,Ruben Neves,,Allen Robinson,,Miguel Sano,,ƒss‰t Pori,Max Domi,Amir Imam,,David McKeon,
,,,,,,,,,,,,Sporting Kansas City,,Pelicans Lahti,,,,,,,,,,,,,,,,,,,Vit Krejci,Phil Hawes,,Morne Morkel,Sporting Kansas City,Diogo Jota,,Amari Cooper,,Jorge Polanco,,Pelicans Lahti,Jesperi Kotkaniemi,Ivan Baranchyk,,Mack Horton,
,,,,,,,,,,,,Houston Dynamo,,JYP Jyväskylä,,,,,,,,,,,,,,,,,,,Kenrich Williams,Dricus Du Plessis,,Duanne Olivier,Houston Dynamo,Joao Cancelo,,Terry McLaurin,,Kenta Maeda,,JYP Jyv‰skyl‰,Phillip Danault,Julius Indongo,,Jordan Harrison,
,,,,,,,,,,,,FC Dallas,,KalPa Kuopio,,,,,,,,,,,,,,,,,,,Hamidou Diallo,Marc-Andre Barriault,,James Faulkner,FC Dallas,Nuno Mendes,,D.K. Metcalf,,Nelson Cruz,,KalPa Kuopio,Tomas Tatar,Sergey Lipinets,,Jessica Ashwood,
,,,,,,,,,,,,Orlando City,,KooKoo Kouvola,,,,,,,,,,,,,,,,,,,Derrick Favors,Eryk Anders,,Cameron White,Orlando City,Rafael Leao,,Adam Thielen,,Byron Buxton,,KooKoo Kouvola,Victor Mete,Yordenis Ugas,,Madi Wilson,
,,,,,,,,,,,,Inter Miami,,Sport Vaasa,,,,,,,,,,,,,,,,,,,Isaiah Roby,Deron Winn,,Nathan Coulter-Nile,Inter Miami,Goncalo Guedes,,Calvin Ridley,,Josh Donaldson,,Sport Vaasa,Morgan Rielly,Eleider Alvarez,,Leah Neale,
,,,,,,,,,,,,Minnesota United,,MODO Hockey,,,,,,,,,,,,,,,,,,,Michael Beasley,Roman Kopylov,,Andrew Tye,Minnesota United,Rui Patricio,,Robert Woods,,Corey Seager,,MODO Hockey,Frederik Andersen,Jean Pascal,,Tamsin Cook,
,,,,,,,,,,,,Philadelphia Union,,Leksands IF,,,,,,,,,,,,,,,,,,,Frank Jackson,Antonio Arroyo,,Peter Handscomb,Philadelphia Union,Nelson Semedo,,Cooper Kupp,,Mookie Betts,,Leksands IF,Zach Hyman,Oleksandr Gvozdyk,,Brianna Throssell,
,,,,,,,,,,,,San Jose Earthquakes,,Timrå IK,,,,,,,,,,,,,,,,,,,Svi Mykhailiuk,Jun Yong Park,,Moises Henriques,San Jose Earthquakes,William Carvalho,,Tyler Lockett,,Cody Bellinger,,TimrÂ IK,Tyson Barrie,Joe Smith Jr.,,Ellen Gandy,
,,,,,,,,,,,,Real Salt Lake,,AIK Stockholm,,,,,,,,,,,,,,,,,,,Yuta Watanabe,Tom Breese,,Ashton Agar,Real Salt Lake,Jose Fonte,,Kenny Golladay,,Clayton Kershaw,,AIK Stockholm,Kasperi Kapanen,Marcus Browne,,Blair Evans,
,,,,,,,,,,,,New England Revolution,,Södertälje SK,,,,,,,,,,,,,,,,,,,Freddie Gillespie,Kyle Daukaus,,Glenn Phillips,New England Revolution,Andre Silva,,Odell Beckham Jr.,,Walker Buehler,,Sˆdert‰lje SK,Mika Zibanejad,Badou Jack,,Kotuku Ngawati,
,,,,,,,,,,,,Charlotte FC,,IF Björklöven,,,,,,,,,,,,,,,,,,,Dalano Banton,Jamie Pickett,,Dan Lawrence,Charlotte FC,Renato Sanches,,CeeDee Lamb,,Max Muncy,,IF Bjˆrklˆven,Artemi Panarin,Callum Johnson,,Ami Matsuo,
,,,,,,,,,,,,Austin FC,,IK Oskarshamn,,,,,,,,,,,,,,,,,,,David Johnson,Dusko Todorovic,,Saqib Mahmood,Austin FC,Diego Godin,,Deebo Samuel,,Justin Turner,,IK Oskarshamn,Chris Kreider,Anthony Yarde,,Laura Taylor,
,,,,,,,,,,,,Nashville SC,,BIK Karlskoga,,,,,,,,,,,,,,,,,,,Justin Champagnie,Wellington Turman,,Mark Wood,Nashville SC,Luis Suarez,,Brandin Cooks,,Will Smith,,BIK Karlskoga,Kaapo Kakko,Lyndon Arthur,,Jayden Hadler,
,,,,,,,,,,,,Colorado Rapids,,Mora IK,,,,,,,,,,,,,,,,,,,Khem Birch,Jordan Wright,,Ollie Pope,Colorado Rapids,Edinson Cavani,,Courtland Sutton,,Kenley Jansen,,Mora IK,Jacob Trouba,Joshua Buatsi,,Maxime Rooney,
,,,,,,,,,,,,Cincinnati FC,,Västerviks IK,,,,,,,,,,,,,,,,,,,,Impa Kasanganay,,Sam Curran,Cincinnati FC,Fernando Muslera,,T.Y. Hilton,,Trevor Bauer,,V‰sterviks IK,Tony DeAngelo,Richard Riakporhe,,Kelsi Dahlia,
,,,,,,,,,,,,Club Tijuana,,Västerås IK,,,,,,,,,,,,,,,,,,,,,,Tom Curran,Club Tijuana,Diego Rossi,,Marvin Jones,,Fernando Tatis Jr.,,V‰sterÂs IK,Filip Chytil,Lawrence Okolie,,Leah Smith,
,,,,,,,,,,,,Puebla,,IF Troja-Ljungby,,,,,,,,,,,,,,,,,,,,,,,Puebla,Giorgian De Arrascaeta,,Jarvis Landry,,Manny Machado,,IF Troja-Ljungby,Adam Fox,Mairis Briedis,,Molly Hannis,
,,,,,,,,,,,,Querétaro,,HC Plzen,,,,,,,,,,,,,,,,,,,,,,,QuerÈtaro,Rodrigo Bentancur,,Sterling Shepard,,Yu Darvish,,HC Plzen,Jesper Fast,Yuniel Dorticos,,Kevin Cordes,
,,,,,,,,,,,,Mazatlán FC,,HC Sparta Praha,,,,,,,,,,,,,,,,,,,,,,,Mazatl·n FC,Federico Valverde,,D.J. Chark,,Blake Snell,,HC Sparta Praha,Pavel Buchnevich,Krzysztof Glowacki,,Chase Kalisz,
,,,,,,,,,,,,Necaxa,,HC Kometa Brno,,,,,,,,,,,,,,,,,,,,,,,Necaxa,Lucas Torreira,,Tee Higgins,,Eric Hosmer,,HC Kometa Brno,Igor Shesterkin,Murat Gassiev,,Ryan Murphy,
,,,,,,,,,,,,Juárez,,HC Ocelari Trinec,,,,,,,,,,,,,,,,,,,,,,,Ju·rez,Matias Vecino,,Chase Claypool,,Wil Myers,,HC Ocelari Trinec,Anders Lee,Denis Lebedev,,Kathleen Baker,
,,,,,,,,,,,,Toluca,,Mountfield HK,,,,,,,,,,,,,,,,,,,,,,,Toluca,Jose Gimenez,,Will Fuller,,Tommy Pham,,Mountfield HK,Mathew Barzal,Steve Cunningham,,Siobhan Haughey,
,,,,,,,,,,,,Santos Laguna,,Bílí Tygři Liberec,,,,,,,,,,,,,,,,,,,,,,,Santos Laguna,Ronald Araujo,,Devonta Smith,,Trent Grisham,,BÌlÌ Tyg?i Liberec,Brock Nelson,Ola Afolabi,,,
,,,,,,,,,,,,Club León,,HC Vítkovice Ridera,,,,,,,,,,,,,,,,,,,,,,,Club LeÛn,Darwin Nunez,,Jaylen Waddle,,Jake Cronenworth,,HC VÌtkovice Ridera,Jordan Eberle,Ilunga Makabu,,,
,,,,,,,,,,,,Pachuca,,HC Energie Karlovy Vary,,,,,,,,,,,,,,,,,,,,,,,Pachuca,Martin Caceres,,Ja'Marr Chase,,Chris Paddack,,HC Energie Karlovy Vary,Ryan Pulock,Isaac Chamberlain,,,
,,,,,,,,,,,,Tigres UANL,,PSG Zlín,,,,,,,,,,,,,,,,,,,,,,,Tigres UANL,Maximiliano Gomez,,Michael Pittman Jr.,,Dinelson Lamet,,PSG ZlÌn,Adam Pelech,Chris Billam-Smith,,,
,,,,,,,,,,,,Atlético San Luis,,BK Mladá Boleslav,,,,,,,,,,,,,,,,,,,,,,,AtlÈtico San Luis,Javier Hernandez,,Rondale Moore,,Francisco Lindor,,BK Mlad· Boleslav,Semyon Varlamov,Richard Bolotniks,,,
,,,,,,,,,,,,Guadalajara,,HC Pardubice,,,,,,,,,,,,,,,,,,,,,,,Guadalajara,Hector Herrera,,Denzel Mims,,Pete Alonso,,HC Pardubice,Jean-Gabriel Pageau,Danny Williams,,,
,,,,,,,,,,,,Cruz Azul,,HC Slovan Bratislava,,,,,,,,,,,,,,,,,,,,,,,Cruz Azul,Jesus Manuel Corona,,Rashod Bateman,,Jeff McNeil,,HC Slovan Bratislava,Anthony Beauvillier,Matt Skelton,,,
,,,,,,,,,,,,Pumas UNAM,,HK Dukla Trenčín,,,,,,,,,,,,,,,,,,,,,,,Pumas UNAM,Rodolfo Pizarro,,Amon-Ra St. Brown,,Michael Conforto,,HK Dukla Tren?Ìn,Josh Bailey,Michael Sprott,,,
,,,,,,,,,,,,Club América,,HC Košice,,,,,,,,,,,,,,,,,,,,,,,Club AmÈrica,Edson Alvarez,,Tre'Quan Smith,,Jacob deGrom,,HC Koöice,Kyle Palmieri,Gary Cornish,,,
,,,,,,,,,,,,Monterrey,,HK Nitra,,,,,,,,,,,,,,,,,,,,,,,Monterrey,Raul Jimenez,,Mecole Hardman,,Marcus Stroman,,HK Nitra,Nico Hischier,Tony Yoka,,,
,,,,,,,,,,,,Liverpool Montevideo,,HKM Zvolen,,,,,,,,,,,,,,,,,,,,,,,Liverpool Montevideo,Carlos Vela,,Darius Slayton,,Noah Syndergaard,,HKM Zvolen,Jack Hughes,Efe Ajagba,,,
,,,,,,,,,,,,Defensor Sporting,,HK Poprad,,,,,,,,,,,,,,,,,,,,,,,Defensor Sporting,Guillermo Ochoa,,Van Jefferson,,Carlos Carrasco,,HK Poprad,Mackenzie Blackwood,Frank Sanchez,,,
,,,,,,,,,,,,Danubio,,HKM Detva,,,,,,,,,,,,,,,,,,,,,,,Danubio,Nestor Araujo,,Henry Ruggs III,,Edwin Diaz,,HKM Detva,Nikita Gusev,Filip Hrgovic,,,
,,,,,,,,,,,,River Plate Montevideo,,HK 32 Liptovský Mikuláš,,,,,,,,,,,,,,,,,,,,,,,River Plate Montevideo,Uriel Antuna,,Gabriel Davis,,Brandon Nimmo,,HK 32 Liptovsk˝ Mikul·ö,Jesper Bratt,Martin Bakole,,,
,,,,,,,,,,,,Plaza Colonia,,MHk 32 Liptovský Mikuláš,,,,,,,,,,,,,,,,,,,,,,,Plaza Colonia,Erick Gutierrez,,Antonio Brown,,Aaron Judge,,MHk 32 Liptovsk˝ Mikul·ö,Damon Severson,Carlos Takam,,,
,,,,,,,,,,,,Club Nacional de Football,,MHC Martin,,,,,,,,,,,,,,,,,,,,,,,Club Nacional de Football,Rogelio Funes Mori,,John Brown,,Giancarlo Stanton,,MHC Martin,Rasmus Andersson,Marat Gassiev,,,
,,,,,,,,,,,,Deportivo Maldonado,,DVTK Jegesmedvék,,,,,,,,,,,,,,,,,,,,,,,Deportivo Maldonado,Alfredo Talavera,,Nelson Agholor,,DJ LeMahieu,,DVTK JegesmedvÈk,David Rittich,Michael Hunter,,,
,,,,,,,,,,,,Albion FC,,Fehérvár AV19,,,,,,,,,,,,,,,,,,,,,,,Albion FC,Chicharito,,Jamison Crowder,,,,FehÈrv·r AV19,Cam Talbot,Alexander Povetkin,,,
,,,,,,,,,,,,Boston River,,Debreceni HK,,,,,,,,,,,,,,,,,,,,,,,Boston River,Memo Ochoa,,Curtis Samuel,,,,Debreceni HK,J.T. Miller,Sergey Kuzmin,,,
,,,,,,,,,,,,Cerro Largo FC,,HC Csíkszereda,,,,,,,,,,,,,,,,,,,,,,,Cerro Largo FC,Diego Reyes,,Emmanuel Sanders,,,,HC CsÌkszereda,Alexander Edler,Robert Helenius,,,
,,,,,,,,,,,,Montevideo City Torque,,Ferencvárosi TC,,,,,,,,,,,,,,,,,,,,,,,Montevideo City Torque,Marco Fabian,,Michael Gallup,,,,Ferencv·rosi TC,Zack Kassian,Kubrat Pulev,,,
,,,,,,,,,,,,Rentistas,,UTE Budapest,,,,,,,,,,,,,,,,,,,,,,,Rentistas,Andres Guardado,,Robby Anderson,,,,UTE Budapest,Adam Gaudette,Mariusz Wach,,,
,,,,,,,,,,,,CA Progreso,,Budapest Hockey Club,,,,,,,,,,,,,,,,,,,,,,,CA Progreso,Jose Andres Guardado,,Cole Beasley,,,,Budapest Hockey Club,Tyler Myers,Artur Szpilka,,,
,,,,,,,,,,,,Cerro,,Cracovia Kraków,,,,,,,,,,,,,,,,,,,,,,,Cerro,Hirving Lozano,,DeSean Jackson,,,,Cracovia KrakÛw,Chris Tanev,Adam Kownacki,,,
,,,,,,,,,,,,CA Fénix,,GKS Tychy,,,,,,,,,,,,,,,,,,,,,,,CA FÈnix,Javier Aquino,,Marquise Brown,,,,GKS Tychy,Jay Beagle,Andriy Rudenko,,,
,,,,,,,,,,,,Racing Club Montevideo,,Unia Oświęcim,,,,,,,,,,,,,,,,,,,,,,,Racing Club Montevideo,Francisco Rodriguez,,Christian Kirk,,,,Unia O?wi?cim,Loui Eriksson,Ruslan Chagaev,,,
,,,,,,,,,,,,Juventud de Las Piedras,,GKS Katowice,,,,,,,,,,,,,,,,,,,,,,,Juventud de Las Piedras,Nery Castillo,,Jalen Reagor,,,,GKS Katowice,Jake Virtanen,Lamon Brewster,,,
,,,,,,,,,,,,Villa Española,,Podhale Nowy Targ,,,,,,,,,,,,,,,,,,,,,,,Villa EspaÒola,Jonathan Dos Santos,,Parris Campbell,,,,Podhale Nowy Targ,,Oleg Maskaev,,,
,,,,,,,,,,,,Uruguay Montevideo FC,,Polonia Bytom,,,,,,,,,,,,,,,,,,,,,,,Uruguay Montevideo FC,Jorge Campos,,Bryan Edwards,,,,Polonia Bytom,,Jameel McCline,,,
,,,,,,,,,,,,Deportivo Laferrere,,Orlik Opole,,,,,,,,,,,,,,,,,,,,,,,Deportivo Laferrere,Jared Borgetti,,Zach Pascal,,,,Orlik Opole,,Calvin Brock,,,
,,,,,,,,,,,,Estudiantes de Buenos Aires,,JKH GKS Jastrzębie,,,,,,,,,,,,,,,,,,,,,,,Estudiantes de Buenos Aires,Cuauhtemoc Blanco,,,,,,JKH GKS Jastrz?bie,,Dominick Guinn,,,
,,,,,,,,,,,,Atlanta,,STS Sanok,,,,,,,,,,,,,,,,,,,,,,,Atlanta,Luis Hernandez,,,,,,STS Sanok,,Michael Grant,,,
,,,,,,,,,,,,All Boys,,HK Dukla Michalovce,,,,,,,,,,,,,,,,,,,,,,,All Boys,Hugo Sanchez,,,,,,HK Dukla Michalovce,,David Tua,,,
,,,,,,,,,,,,Almirante Brown,,HC RT Torax Poruba,,,,,,,,,,,,,,,,,,,,,,,Almirante Brown,Claudio Suarez,,,,,,HC RT Torax Poruba,,Joe Mesi,,,
,,,,,,,,,,,,Ferro Carril Oeste,,Gornyak Rudny,,,,,,,,,,,,,,,,,,,,,,,Ferro Carril Oeste,Rafael Marquez,,,,,,Gornyak Rudny,,Fres Oquendo,,,
,,,,,,,,,,,,Deportivo Morón,,Saryarka Karaganda,,,,,,,,,,,,,,,,,,,,,,,Deportivo MorÛn,Antonio Carbajal,,,,,,Saryarka Karaganda,,Monte Barrett,,,
,,,,,,,,,,,,,,Arystan Temirtau,,,,,,,,,,,,,,,,,,,,,,,,Carlos Salcido,,,,,,Arystan Temirtau,,DaVarryl Williamson,,,
,,,,,,,,,,,,,,Beibarys Atyrau,,,,,,,,,,,,,,,,,,,,,,,,Benjamin Galindo,,,,,,Beibarys Atyrau,,Travis Kauffman,,,
,,,,,,,,,,,,,,Yertis Pavlodar,,,,,,,,,,,,,,,,,,,,,,,,Manuel Negrete,,,,,,Yertis Pavlodar,,Kevin Johnson,,,
,,,,,,,,,,,,,,HK Gomel,,,,,,,,,,,,,,,,,,,,,,,,Carlos Hermosillo,,,,,,HK Gomel,,Malik Scott,,,
,,,,,,,,,,,,,,Yunost Minsk,,,,,,,,,,,,,,,,,,,,,,,,Ignacio Calderon,,,,,,Yunost Minsk,,Gerald Washington,,,
,,,,,,,,,,,,,,Shakhtyor Soligorsk,,,,,,,,,,,,,,,,,,,,,,,,Adalberto Palma,,,,,,Shakhtyor Soligorsk,,Eric Molina,,,
,,,,,,,,,,,,,,,,,,,,,,,,,,,,,,,,,,,,,,Duilio Davino,,,,,,,,Bryant Jennings,,,
,,,,,,,,,,,,,,,,,,,,,,,,,,,,,,,,,,,,,,Enrique Borja,,,,,,,,Dominic Breazeale,,,
,,,,,,,,,,,,,,,,,,,,,,,,,,,,,,,,,,,,,,Fernando Clavijo,,,,,,,,Charles Martin,,,
,,,,,,,,,,,,,,,,,,,,,,,,,,,,,,,,,,,,,,Gabriel Caballero,,,,,,,,Trevor Bryan,,,
,,,,,,,,,,,,,,,,,,,,,,,,,,,,,,,,,,,,,,Guillermo Sepulveda,,,,,,,,,,,
,,,,,,,,,,,,,,,,,,,,,,,,,,,,,,,,,,,,,,Hector Moreno,,,,,,,,,,,
,,,,,,,,,,,,,,,,,,,,,,,,,,,,,,,,,,,,,,Jesus Arellano,,,,,,,,,,,
,,,,,,,,,,,,,,,,,,,,,,,,,,,,,,,,,,,,,,Juan de Dios Castillo,,,,,,,,,,,
,,,,,,,,,,,,,,,,,,,,,,,,,,,,,,,,,,,,,,Jose de Jesus Corona,,,,,,,,,,,
,,,,,,,,,,,,,,,,,,,,,,,,,,,,,,,,,,,,,,Juan Carlos Plata,,,,,,,,,,,
,,,,,,,,,,,,,,,,,,,,,,,,,,,,,,,,,,,,,,Rafael Baca,,,,,,,,,,,
,,,,,,,,,,,,,,,,,,,,,,,,,,,,,,,,,,,,,,Ricardo Osorio,,,,,,,,,,,
,,,,,,,,,,,,,,,,,,,,,,,,,,,,,,,,,,,,,,Salvador Carmona,,,,,,,,,,,
,,,,,,,,,,,,,,,,,,,,,,,,,,,,,,,,,,,,,,Alberto Garcia Aspe,,,,,,,,,,,
,,,,,,,,,,,,,,,,,,,,,,,,,,,,,,,,,,,,,,Alberto Medina,,,,,,,,,,,
,,,,,,,,,,,,,,,,,,,,,,,,,,,,,,,,,,,,,,Angel Sepulveda,,,,,,,,,,,
,,,,,,,,,,,,,,,,,,,,,,,,,,,,,,,,,,,,,,Antonio Briseno,,,,,,,,,,,
,,,,,,,,,,,,,,,,,,,,,,,,,,,,,,,,,,,,,,Carlos Esquivel,,,,,,,,,,,
,,,,,,,,,,,,,,,,,,,,,,,,,,,,,,,,,,,,,,Daniel Rios,,,,,,,,,,,
,,,,,,,,,,,,,,,,,,,,,,,,,,,,,,,,,,,,,,Eduardo Herrera,,,,,,,,,,,
,,,,,,,,,,,,,,,,,,,,,,,,,,,,,,,,,,,,,,Ernesto Vega,,,,,,,,,,,
,,,,,,,,,,,,,,,,,,,,,,,,,,,,,,,,,,,,,,Gerardo Lugo,,,,,,,,,,,
,,,,,,,,,,,,,,,,,,,,,,,,,,,,,,,,,,,,,,Giovanni Casillas,,,,,,,,,,,
,,,,,,,,,,,,,,,,,,,,,,,,,,,,,,,,,,,,,,Israel Jimenez,,,,,,,,,,,
,,,,,,,,,,,,,,,,,,,,,,,,,,,,,,,,,,,,,,Jorge Tellez,,,,,,,,,,,
,,,,,,,,,,,,,,,,,,,,,,,,,,,,,,,,,,,,,,Luis Michel,,,,,,,,,,,
,,,,,,,,,,,,,,,,,,,,,,,,,,,,,,,,,,,,,,Marco Bueno,,,,,,,,,,,
,,,,,,,,,,,,,,,,,,,,,,,,,,,,,,,,,,,,,,Mario Trejo,,,,,,,,,,,
,,,,,,,,,,,,,,,,,,,,,,,,,,,,,,,,,,,,,,Miguel Layun,,,,,,,,,,,
,,,,,,,,,,,,,,,,,,,,,,,,,,,,,,,,,,,,,,Nestor Calderon,,,,,,,,,,,
,,,,,,,,,,,,,,,,,,,,,,,,,,,,,,,,,,,,,,Omar Bravo,,,,,,,,,,,
,,,,,,,,,,,,,,,,,,,,,,,,,,,,,,,,,,,,,,Omar Esparza,,,,,,,,,,,
,,,,,,,,,,,,,,,,,,,,,,,,,,,,,,,,,,,,,,Oribe Peralta,,,,,,,,,,,
,,,,,,,,,,,,,,,,,,,,,,,,,,,,,,,,,,,,,,Oscar Perez,,,,,,,,,,,
,,,,,,,,,,,,,,,,,,,,,,,,,,,,,,,,,,,,,,Pavel Pardo,,,,,,,,,,,
,,,,,,,,,,,,,,,,,,,,,,,,,,,,,,,,,,,,,,Ricardo La Volpe,,,,,,,,,,,
,,,,,,,,,,,,,,,,,,,,,,,,,,,,,,,,,,,,,,Tomas Boy,,,,,,,,,,,
,,,,,,,,,,,,,,,,,,,,,,,,,,,,,,,,,,,,,,Ulises Rivas,,,,,,,,,,,
,,,,,,,,,,,,,,,,,,,,,,,,,,,,,,,,,,,,,,Victor Guzman,,,,,,,,,,,
,,,,,,,,,,,,,,,,,,,,,,,,,,,,,,,,,,,,,,Walter Erviti,,,,,,,,,,,
,,,,,,,,,,,,,,,,,,,,,,,,,,,,,,,,,,,,,,Yasser Corona,,,,,,,,,,,
,,,,,,,,,,,,,,,,,,,,,,,,,,,,,,,,,,,,,,Adriano,,,,,,,,,,,
,,,,,,,,,,,,,,,,,,,,,,,,,,,,,,,,,,,,,,Alexandre Pato,,,,,,,,,,,
,,,,,,,,,,,,,,,,,,,,,,,,,,,,,,,,,,,,,,Andrea Pirlo,,,,,,,,,,,
,,,,,,,,,,,,,,,,,,,,,,,,,,,,,,,,,,,,,,Andriy Shevchenko,,,,,,,,,,,
,,,,,,,,,,,,,,,,,,,,,,,,,,,,,,,,,,,,,,Angel Di Maria,,,,,,,,,,,
,,,,,,,,,,,,,,,,,,,,,,,,,,,,,,,,,,,,,,Carlos Tevez,,,,,,,,,,,