Citizenship (multi select),Ethnicity,Highest Education,Height Range,Weight Range,Lanaguages Spoken,Industry expertise,Ethical/ Social Values,Skills,Attitude to Risk,Fav. Sports,Fav. Fitness Types,Health/ Nutrition Interests,Fav. Things to do,Fav. Food (Type),Dietary Preferences,Fav. Colour,Fav. Car,Current Car (Linked to Make),Car Make/ Model (Linked to Model),Interests,Personality Traits,Motivators,Purchase Intent (Influenced by),Fav. Entertainment & Media,Fav. Gaming, Fav. Technology & Gadget,Fav. Movie Category,Fav. Music Genres,Fav. Social Media Platforms,Fav. Fashion Styles,Pets Owned,Fav. Holiday Types,
Afghan,"White - English, Welsh, Scottish, Irish, Gypsy, Roma",High School Certificate,"Below 100 cm (3'1"")",Below 20 kg (Below 44 lbs),Swedish,Technology,Kind,Analytical,Conscientious,Football (or Soccer),Strength Training,Mental Health,Aquarium Keeping,Indian,Vegetarian,Red,Toyota,Toyota,A1,Arts and Humanities,Conscientious,Career advancement,Auto and Vehicles Apps,Movies & Films,Action Games,Smart Home Devices,Action,Rock,Facebook,High Fashion,Dogs,Backpacking,
Albanian,White - Any other White background,GED (General Educational Development),"100 - 119 cm (3'1"" - 3'5"")",20 - 29 kg (44 - 64 lbs),Czech,Finance,Caring,Detail Oriented,Productive,Basketball,Cardio Workouts,Preventive Health,Baking,Malay,Pescetarian,Blue,Honda,Honda,A4 Avant,Language Learning,Productive,Work-life balance,Books Apps,TV Shows,Adventure Games,Wearable Technology,Animation,Pop,Instagram,Streetwear,Cats,Road Trips,
Algerian,Local Born - Indian/Hindu,Diploma,"110 - 119 cm (3'5"" - 3'9"")",30 - 39 kg (66 - 86 lbs),Zulu,Healthcare,Friendly,Tech-Savvy,Reliable,American Football,Group Fitness Classes,Medical Conditions,Computer Programming,Thai,Vegan,Yellow,Nissan,Nissan,A6 Saloon,Life Sciences,Reliable,Competitive pay,Business Apps,Music,Platform Games,Mobile Phones,Comedy,Hip-Hop,Twitter (X),Sustainable Fashion,Birds,Weekend Getaways,
American,Asian - Indian/Hindu,Associate Degree,"120 - 129 cm (3'9"" - 4'3"")",40 - 49 kg (88 - 108 lbs),Greek,Education,Tolerant,Good Communicator,Rule-adherent,Baseball,Home Workouts,Supplements & Vitamins,Cooking,Chinese,Gluten-Free,Green,Mitsubishi,Mitsubishi,A8,Physical Science and Engineering,Rule-adherent,Skill development,Education Apps,Podcasts,Shooter Games,Computers & Laptops,Crime,Rap,TikTok,Fashion Design,Fish,Ecotourism,
Andorran,Local Born - Pakistani/Muslim,Bachelor's Degree,"130 - 139 cm (4'3"" - 4'7"")",50 - 59 kg (110 - 130 lbs),Hungarian,Retail,Compassionate,Focused,Competent,Cricket,Personal Training,Alternative Medicine,Creative Writing,Japanese,Dairy-Free,Orange,Subaru,Subaru,Q3,Car Culture,Competent,Recognition,Entertainment Apps,Theatre & Performing Arts,Simulation Games,Robotics,Drama,Jazz,YouTube,Fashion Trends,Gerbils,Domestic Travel,
Angolan,Asian - Pakistani/Muslim,Master's Degree,"140 - 149 cm (4'7"" - 4'11"")",60 - 69 kg (132 - 152 lbs),Somali,Manufacturing,Honest,Conscientious,Emotionally Intelligent,Rugby,Fitness Challenges,Public Health,Dancing,Korean,Nut-Free,Purple,Mazda,Mazda,Q7,Motorcycles,Emotionally Intelligent,Job autonomy,Finance Apps,Celebrity News,Sports Games,Drones,Fantasy,Blues,Snapchat,Personal Styling,Hamsters,International Travel,
Anguillan,Local Born - Chinese,Doctorate (Ph.D),"150 - 159 cm (4'11"" - 5'3"")",70 - 79 kg (154 - 174 lbs),Nepali,Telecommunications,Accountable,Creative,Efficient,Field Hockey,Fitness Technology,Child Health,Drawing,Vietnamese,Kosher,Pink,Suzuki,Suzuki,R8,Art and Photography Books,Efficient,Job stability,Food and Drink Apps,Streaming Services,Racing Games,Virtual & Augmented Reality,Historical,Classical,LinkedIn,Accessories,Rabbits,Tropical Destinations,
Citizen of Antigua and Barbuda,Asian - Chinese,Professional Certification,"160 - 164 cm (5'3"" - 5'5"")",80 - 89 kg (176 - 196 lbs),Serbo-Croatian,Hospitality,Respectable,Critical Thinker,Capable,Volleyball,Recovery & Rehabilitation,Senior Health,Playing Basketball,Indonesian,Halal,Brown,Hyundai,Hyundai,RS5,Biographies,Capable,Challenging tasks,Games Apps,Books & Literature,Fighting Games,Artificial Intelligence,Horror,Country,Reddit,Footwear,Mice,Mountain Destinations,
Argentine,Local Born - Other Asian,Postdoctoral Fellowship,"165 - 169 cm (5'5"" - 5'7"")",90 - 99 kg (198 - 218 lbs),Kurdish,Energy,Reliable,Good Leader,Extroverted,Handball,Outdoor Fitness,Women's Health,Gardening,Filipino,Mediterranean,Black,Kia,Kia,RS7,Children's Literature,Extroverted,Positive culture,Health and Fitness Apps,Stand-up Comedy,Survival Games,Cybersecurity,Romance,Electronic Dance Music (EDM),Pinterest,Casual Wear,Rats,Urban Destinations,
Armenian,Asian - Other,"Professional Degree (e.g., JD, MD, DDS)","170 - 174 cm (5'7"" - 5'9"")",100 - 109 kg (220 - 240 lbs),Dutch,Entertainment,Fair,Curious,Agreeable,Water Polo,Yoga & Pilates,Men's Health,Playing Musical Instruments,Italian,Ketogenic (Keto),White,Genesis,Genesis,S3,Comics and Graphic Novels,Agreeable,Flexible work options,Lifestyle Apps,Animation & Cartoons,Horror Games,Home Entertainment Systems,Science Fiction,R&B,Tumblr,Formal Wear,Guinea Pigs,Historical Sites Exploration,
Australian,Local Born - Carribean,Vocational Training,"175 - 179 cm (5'9"" - 5'11"")",110 - 119 kg (242 - 262 lbs),Romanian,Government,Good Leader,Logical,Neurotic,Softball,High-Intensity Interval Training (HIIT),Weight Management,Painting,French,Paleo,Gray,Infinity,Infinity,S6 Avant,Fiction,Neurotic,Team support,Magazine and Newspapers Apps,Documentaries,Open-World Games,Gaming Consoles,Thriller,Reggae,WhatsApp,Activewear & Athleisure,Chinchillas,Natural Wonders,
Austrian,Black - Carribean,Trade School Certification,"180 - 184 cm (5'11"" - 6'1"")",120 - 129 kg (264 - 284 lbs),Amharic,Transportation,Loyal,Motivated,Empathetic,Tennis,Functional Training,Sleep Health,Knitting,Spanish,Intermittent Fasting,Cyan,BYD,BYD,SQ2,Social Sciences,Empathetic,Personal success,Medical Apps,Video Games,Sandbox Games,Smartwatches,Western,Punk,Telegram,Luxury Fashion,Ferrets,Beach Destinations,
Azerbaijani,Local Born - African,Continuing Education Courses,"185 - 189 cm (6'1"" - 6'3"")",130 - 139 kg (286 - 306 lbs),Sindhi,Real Estate,Honourable,Problem Solver,Resilient,Golf,Flexibility & Mobility,Gut Health,Reading,Greek,Low-Carb,Magenta,Volkswagen,Volkswagen,SQ8 e-tron,Business,Resilient,Purpose-driven work,Music Apps,Web Series,Stealth Games,Tablets,Musical,Metal,Discord,Fast Fashion,Turtles,National Parks,
Bahamian,Black - African,Executive Education Programs,"190 - 194 cm (6'3"" - 6'5"")",140 - 149 kg (308 - 328 lbs),Uzbek,Agriculture,Emotionally Intelligent,Team Player,Honest,Boxing,Dance Fitness,Hydration,Scrapbooking,German,Plant-Based,Indigo,BMW,BMW,A3,Career Advice,Honest,Leadership opportunities,Navigation Apps,Virtual Reality (VR) Entertainment,Strategy Games,E-Readers,War,Alternative,WeChat,Vintage Fashion,Bearded Dragons,Hiking & Trekking,
Bahraini,Local Born - Other Black,Online Certifications and Courses,"195 - 199 cm (6'5"" - 6'7"")",150 kg+ (330 lbs+),Yoruba,Nonprofit/Charity,Professional,Professionalism,Flexible,Wrestling,Circuit Training,Healthy Aging,Sculpting,Turkish,Raw Food,Violet,Mercedes-Benz,Mercedes-Benz,A5,Career Planning,Flexible,Performance incentives,News Apps,Live Events & Concerts,Party Games,Smart Appliances,Adventure,Indie,Signal,Plus Size Fashion,Common Leopard Geckos,Rock Climbing,
Bangladeshi,Black - Other Black,Technical diploma,"200 - 204 cm (6'7"" - 6'9"")",,Tagalog,Legal Services,Trustworthy,Resilient,Independent,Badminton,Bodyweight Exercises,Stress Management,Sewing,Portuguese,,Gold,Audi,Audi,A6 Unspecified,Remote Working,Independent,Innovation,Photo and Video Apps,Talk Shows,Family Games,3D Printers,Disaster,Funk,Clubhouse,Maternity Fashion,Tortoises,Mountaineering,
Barbadian,Local Born - Arab,MBA,"205 - 209 cm (6'9"" - 6'10"")",,Ukrainian,Marketing and Advertising,Empathetic,Organized,Curious,Table Tennis,Endurance Training,Healthy Cooking & Recipes,Singing,British,,Silver,Porsche,Porsche,e-tron GT,Adult Education,Curious,Creativity,Productivity Apps,News & Journalism,Card Games,Smart Speakers,Martial Arts,Soul,Vimeo,Children's Fashion,Corn Snakes,Scuba Diving,
Belarusian,Arab - Other Arab,BTEC,"210 cm and above (6'11""+)",,Burmese,Construction,Generous,Emotionally Intelligent,Integrity,Squash,Martial Arts & Combat Sports,Food Allergies & Intolerances,Watching Movies,Russian,,Turquoise,Volvo,Volvo,Q4 e-tron,Online Education,Integrity,Diversity,Reference Apps,Magazines & Periodicals,Board Games,Home Security Systems,Military Action,Disco,Twitch,Men's Fashion,Ball Pythons,Snorkeling,
Belgian,Mixed - White and Black Caribbean,,,,Hausa,Aerospace,Inclusive,Reliable,Perseverant,Archery,Water Aerobics & Swimming,Immune Health,Watching Television,Lebanese,,Teal,Jaguar,Jaguar,Q8,Parenting,Perseverant,Belonging,Shopping Apps,Fashion & Lifestyle Media,Role-Playing Games (RPGs),Wireless Earbuds and Headphones,Spy & Espionage,House,Medium,Women's Fashion,Crested Geckos,Surfing,
Belizean,Mixed - White and Black African,,,,Malayalam,Automotive,Humble,Positive,Tactful,Fencing,Core Training,Chronic Disease Management,Woodworking,Persian,,Maroon,Land Rover,Land Rover,RS3,Dance,Tactful,Cross-team collaboration,Social Networking Apps,Social Media Influencers,Puzzle Games,Fitness Trackers,Superhero,Techno,Quora,Fashion Photography,Blue-Tongued Skinks,White Water Rafting,
Beninese,Mixed - White and Asian,,,,Kannada,Pharmaceuticals,Courteous,Empathetic,Decisive,Track and Field,CrossFit,Sexual Health,Cycling,Egyptian,,Navy,MINI,MINI,RS6,Design,Decisive,Clear objectives,Sports Apps,E-sports,MOBA (Multiplayer Online Battle Arena),Streaming Devices,Dark Comedy,Dubstep,SoundCloud,Fashion Influencers & Bloggers,Monitor Lizards,Kayaking,
Bermudian,Mixed - Black and Asian,,,,Pashto,Insurance,Just,Open-minded,Humble,Gymnastics,Running & Jogging,Dental Health,Jogging,Moroccan,,Olive,Ferrari,Ferrari,RS e-tron GT,Fine Art Photography,Humble,Constructive feedback,Travel Apps,Graphic Novels & Comics,FPS (First-Person Shooter),Portable Power Banks,Satire,Drum and Bass,Bandcamp,Custom & Tailored Clothing,Green Iguanas,Skydiving,
Bhutanese,Mixed - Arab and Asian,,,,Polish,Food and Beverage,Diligent,Active Listener,Tenacious,Swimming,Cycling & Spinning,Vision & Eye Health,Kayaking,American,,Coral,Ford,Ford,S4 Avant,Theater,Tenacious,Travel opportunities,Blogs/Forums/Social Networks,Audiobooks,RTS (Real-Time Strategy),Voice Assistants,Documentary,Folk,VKontakte (VK),Bridal Fashion,Red-Eared Sliders,Paragliding,
Bolivian,Mixed - Arab and Black,,,,Persian,Media and Publishing,Patient,Persuasive,Self-disciplined,Diving,Rowing Workouts,Skin Health,Mountain Biking,Mexican,,Peach,Chevrolet,Chevrolet,S6 Saloon,Cooking,Self-disciplined,Cutting-edge tools,Culture and Fine Arts,Photography,Battle Royale Games,Digital Cameras,,Latin,LINE,Swimwear,Tree Frog,Bungee Jumping,
Citizen of Bosnia and Herzegovina,Any other Mixed or multiple ethnic background,,,,Gujarati,Logistics and Supply Chain,Supportive,Adaptable,Rational,Surfing,Interval Training,Addiction & Recovery,Playing with Pets,Caribbean,,Mint,Jeep,Jeep,SQ7,Desserts and Baking,Rational,Transparent communication,Experiences and Events,Music Videos,Casual Games,Electric Scooters and Bikes,,K-pop,KakaoTalk,Outerwear,Axolotl,Zip Lining,
Botswanan,,,,,Thai,Consumer Goods,Open-minded,,Thoughtful,Sailing,Prenatal & Postnatal Fitness,Health Technology & Innovations,Photography,,,Lavender,Dodge,Dodge,A4,Dining Out,Thoughtful,Ethical practices,Music and Video Streaming Services,Cultural Festivals,Arcade Games,VR Headsets,,J-pop,Foursquare,Seasonal Fashion,Snakes,Skiing,
Brazilian,,,,,Cantonese,Biotechnology,Forgiving,,Charismatic,Rowing,Youth Fitness,Nutritional Science,Rock Climbing,,,Burgundy,Tesla,Tesla,A6 Avant,Food Allergies,Charismatic,Wellness programs,Online Entertainment,Awards Shows,Trivia Games,Health Monitoring Devices,,Lo-fi,Yelp,Beauty & Grooming,,Safari Tours,
British,,,,,Italian,Sports and Recreation,Ethical,,Diplomatic,Canoeing,Senior Fitness,Sports Nutrition,Running,,,Salmon,Cadillac,Cadillac,A7,Healthy Cooking and Eating,Diplomatic,Peer acknowledgment,Radio and Podcasts,Reality TV,Educational Games,Robot Vacuums,,Ambient,Weibo,Jewelry,,Wildlife Watching,
British Virgin Islander,,,,,Turkish,Environmental Services,Principled,,Sensitive,Kayaking,Virtual Fitness Classes,Digestive Health,Sailing,,,Beige,GMC,GMC,Q2,Vegan Diets,Sensitive,Freedom to experiment,Ticket Services,Art Exhibitions,Turn-Based Strategy (TBS),Smart Displays,,Ska,Douyin,,,Island Hopping,
Bruneian,,,,,Urdu,Consulting,Responsible,,Pragmatic,Water Skiing,Aquatic Fitness,Heart Health,Surfing,,,,Lincoln,Lincoln,Q5,Vegetarian Diets,Pragmatic,Social impact,TV,Film Criticism & Reviews,City-Building Games,Digital Whiteboards,,Gospel,Nextdoor,,,Sports Travel,
Bulgarian,,,,,Tamil,Fashion and Apparel,Selfless,,Intuitive,Skiing,Climbing & Bouldering,Bone & Joint Health,Swimming,,,,Buick,Buick,Q8 e-tron,World Cuisines,Intuitive,Supportive leadership,New Vehicles,Content Creation & Influencing,,Portable Projectors,,Opera,DeviantArt,,,Yoga Retreats,
Burkinan,,,,,Marathi,Cybersecurity,Cooperative,,Responsible,Snowboarding,Fitness Nutrition,Prenatal & Postnatal Health,Water Sports,,,,Chrysler,Chrysler,RS4 Avant,Health and Wellness,Responsible,Family,Pre-Owned Vehicles,Food & Cooking Shows,,Multi-Device Chargers,,Trance,Dribbble,,,Wellness Retreats,
Burmese,,,,,French,Mining and Natural Resources,Sincere,,Organized,Ice Skating,Mindfulness & Breathing Exercises,Health Education & Advocacy,Yoga,,,,Perodua,Perodua,RS6 Avant,Fitness and Exercise,Organized,Kids,Automotive Care Products,Travel Shows,,Home Energy Management Systems,,Trap,Behance,,,Wine & Culinary Retreats,
Burundian,,,,,Korean,Arts and Culture,Charitable,,Hardworking,Ice Hockey,Fitness Safety & Injury Prevention,,Vehicle Restoration,,,,Proton,Proton,RSQ8,Nutrition,Hardworking,Money,Automotive Parts and Accessories,Children's Entertainment,,Smart Air Purifiers,,Afrobeat,Patreon,,,Snowboarding,
Cambodian,,,,,Vietnamese,Financial Technology (FinTech),Considerate,,Detail-Oriented,Figure Skating,,,Antiquing,,,,Chevrolet (Chevy),Chevrolet (Chevy),S5,Weight Loss,Detail-Oriented,Success,Car Wash,Board Games,,IoT (Internet of Things) Devices,,Dancehall,OnlyFans,,,,
Cameroonian,,,,,Telugu,Gaming and Esports,Dependable,,Persistent,Mixed Martial Arts (MMA),,,Collecting Art,,,,RAM,RAM,S8,Arts and Crafts,Persistent,Opportunity,Beauty Salons and Tanning,Card Games,,Personal Assistants,,World Music,9GAG,,,,
Canadian,,,,,Indonesian,Travel and Tourism,Grateful,,Dependable,Karate,,,Collecting Coins,,,,Hummer,Hummer,SQ8,Birdwatching,Dependable,Company status,Hair Salons,Role-Playing Games (RPGs),,Wireless Charging Pads,,Bollywood,Goodreads,,,,
Cape Verdean,,,,,Javanese,,Modest,,Disciplined,Judo,,,Collecting Stamps,,,,Volkswagen (VW),Volkswagen (VW),1 Series,Collecting,Disciplined,,Nail Salons,Puzzles,,Smart Kitchen Appliances,,Salsa,Mixcloud,,,,
Cayman Islander,,,,,German,,Persevering,,Diligent,Taekwondo,,,Collecting Vintage Books,,,,Opel,Opel,2 Series,Games and Puzzles,Diligent,,Spas,Mobile Games,,Smart Fitness Equipment,,Merengue,Trovo,,,,
Central African,,,,,Punjabi,,Punctual,,Meticulous,Brazilian Jiu-Jitsu,,,Collecting Records,,,,Maybach,Maybach,2 Series Active Tourer,Gardening,Meticulous,,Advertising and Marketing,Strategy Games,,Smart Home Health Devices,,Bachata,Viber,,,,
Chadian,,,,,Japanese,,Respectful,,Friendly,Muay Thai,,,Collecting Trading Cards,,,,Smart,Smart,2 Series Gran Coupe,Home Improvement,Friendly,,Conferences/Events/Seminars,PC Gaming,,Smart Speakers,,Tango,Messenger,,,,
Chilean,,,,,Russian,,Self-disciplined,,Kind,Kickboxing,,,Boxing,,,,MAN,MAN,3 Series,Interior Decorating,Kind,,Construction,,,Smart Thermostats,,Reggaeton,Kik,,,,
Chinese,,,,,Bengali,,,,Compassionate,Formula 1,,,Playing Chess,,,,Alpina,Alpina,4 Series,Machine Learning,Compassionate,,Industrial Storage,,,Smart Lighting,,New Wave,Zoom,,,,
Colombian,,,,,Portuguese,,,,Altruistic,MotoGP,,,Gaming,,,,Lexus,Lexus,4 Series Gran Coupe,Artificial Intelligence,Altruistic,,Industrials,,,Smart Plugs and Outlets,,Emo,,,,,
Comoran,,,,,Arabic,,,,Generous,NASCAR,,,Handball,,,,Infiniti,Infiniti,5 Series,Robotics,Generous,,Retail,,,Smart Locks,,Post-Rock,,,,,
Congolese (Congo),,,,,Hindi,,,,Cooperative,Rally Racing,,,Martial Arts,,,,Acura,Acura,7 Series,Cybersecurity,Cooperative,,Small Business,,,Smart Security Cameras,,Post-Punk,,,,,
Congolese (DRC),,,,,English,,,,Affectionate,Marathon Running,,,American Football,,,,Isuzu,Isuzu,8 Series,Environmental Science,Affectionate,,Telecom Services,,,Smart Doorbells,,Thrash Metal,,,,,
Cook Islander,,,,,Spanish,,,,Warm,Cycling,,,Archery,,,,Daihatsu,Daihatsu,8 Series Gran Coupe,Sustainable Development,Warm,,Clothing,,,Smart Appliances,,Progressive Rock,,,,,
Costa Rican,,,,,Mandarin,,,,Considerate,Rock Climbing,,,Association Football,,,,Aston Martin,Aston Martin,Alpina B3,Renewable Energy,Considerate,,Clothing Accessories,,,Smartwatches,,Progressive Metal,,,,,
Croatian,,,,,Malay,,,,Outgoing,Mountain Biking,,,Auto Racing,,,,Bentley,Bentley,Alpina B4 Gran Coupe,Conservation,Outgoing,,Footwear,,,Fitness Trackers,,Pop Punk,,,,,
Cuban,,,,,Swahili,,,,Sociable,Horse Racing,,,Badminton,,,,Rolls-Royce,Rolls-Royce,Alpina B8 Gran Coupe,Urban Planning,Sociable,,Handbags and Wallets,,,Smartphones,,Psychedelic Rock,,,,,
Cymraes,,,,,Hausa,,,,Energetic,Shooting,,,Baseball,,,,McLaren,McLaren,Alpina D3,Philosophy,Energetic,,Jewelry and Watches,,,Desktop Computers,,Synthpop,,,,,
Cymro,,,,,Amharic,,,,Talkative,Bowling,,,Climbing,,,,Lotus,Lotus,Alpina XB7,Anthropology,Talkative,,Sunglasses,,,Gaming PCs,,Hard Rock,,,,,
Cypriot,,,,,Yoruba,,,,Enthusiastic,Billiards/Pool,,,Cricket,,,,Morgan,Morgan,Alpina XD3,Sociology,Enthusiastic,,Antiques,,,Workstations,,Alternative Hip-Hop,,,,,
Czech,,,,,Oromo,,,,Assertive,Darts,,,Golfing,,,,Vauxhall,Vauxhall,i4,Psychology,Assertive,,Collectibles,,,All-in-One Computers,,Trip-Hop,,,,,
Danish,,,,,Igbo,Other,,,Gregarious,Skateboarding,,,Gymnastics,,,,Lamborghini,Lamborghini,i5,Personal Finance,Gregarious,,Sports Memorabilia and Trading Cards,,,Ultrabooks,,Big Band,,,,,
Djiboutian,,,,,Nilo-Saharan languages,,,,Adventurous,BMX,,,Ice Hockey,,,,Maserati,Maserati,i7,Investment Strategies,Adventurous,,Audio,,,Chromebooks,,Easy Listening,,,,,
Dominican,,,,,Niger–Congo languages,,,,Imaginative,,,,Paintball,,,,Alfa Romeo,Alfa Romeo,iX,Cryptocurrency,Imaginative,,Cameras and Photo,,,2-in-1 Laptops,,Celtic,,,,,
Citizen of the Dominican Republic,,,,,Afroasiatic,,,,Creative,,,,Tennis,,,,Fiat,Fiat,iX1,Real Estate Investing,Creative,,Communications Electronics,,,Business Laptops,,Experimental,,,,,
Dutch,,,,,Khoisan,,,,Innovative,,,,Volleyball,,,,Lancia,Lancia,iX2,Corporate Finance,Insightful,,Computers,,,MacBooks,,Avant-Garde,,,,,
East Timorese,,,,,Xhosa,,,,Insightful,,,,Bird Watching,,,,Pagani,Pagani,iX3,Marketing Strategies,Artistic,,Electronics Accessories,,,Custom-Built PCs,,New Age,,,,,
Ecuadorean,,,,,Somali,,,,Artistic,,,,Travelling,,,,Abarth,Abarth,M2,Project Management,Open-Minded,,Home Theater Systems,,,Drones,,Chillout,,,,,
Egyptian,,,,,Austronesian,,,,Open-Minded,,,,,,,,Renault,Renault,M3,Entrepreneurship,Intellectual,,Marine Electronics,,,VR Headsets,,,,,,,
Emirati,,,,,Afrikaans,,,,Intellectual,,,,,,,,Peugeot,Peugeot,M4,E-commerce,Inventive,,Mobile Phone Plans,,,AI Assistants,,,,,,,
English,,,,,Afrikaans,,,,Inventive,,,,,,,,Citroën,Citroën,M8,Leadership Training,Perfectionist,,Mobile Phones and Accessories,,,Machine Learning Platforms,,,,,,,
Equatorial Guinean,,,,,Somali,,,,Perfectionist,,,,,,,,Bugatti,Bugatti,M8 Gran Coupe,Public Speaking,Calm,,Networking,,,Natural Language Processing (NLP),,,,,,,
Eritrean,,,,,Fula,,,,Calm,,,,,,,,DS Automobiles,DS Automobiles,X1,Professional Networking,Relaxed,,Security Devices,,,Computer Vision,,,,,,,
Estonian,,,,,Sesotho,,,,Relaxed,,,,,,,,Alpine,Alpine,X2,Tutoring,Optimistic,,Tablets,,,Antivirus Software,,,,,,,
Ethiopian,,,,,Swiss,,,,Optimistic,,,,,,,,SsangYong,SsangYong,X3,Work-Life Balance,Confident,,Televisions,,,Firewall Solutions,,,,,,,
Faroese,,,,,Filipino,,,,Confident,,,,,,,,Koenigsegg,Koenigsegg,X3 M,Child Development,Secure,,Video,,,VPN Services,,,,,,,
Fijian,,,,,,,,,Secure,,,,,,,,Polestar,Polestar,X4,Special Needs Parenting,Balanced,,Video Game Console Accessories,,,Smart TVs,,,,,,,
Filipino,,,,,,,,,Balanced,,,,,,,,Geely,Geely,X4 M,Pet Care,Patient,,Video Games and Consoles,,,Home Theater Systems,,,,,,,
Finnish,,,,,,,,,Patient,,,,,,,,Great Wall Motors,Great Wall Motors,X5,Graphic Design,Self-Assured,,Edible,,,Streaming Devices,,,,,,,
French,,,,,,,,,Self-Assured,,,,,,,,NIO,NIO,X5 M,Fashion Design,Adaptable,,Non-edible,,,Soundbars,,,,,,,
Gabonese,,,,,,,,,Adaptable,,,,,,,,XPeng,XPeng,X6,Web Design,Hostile,,Career Improvement and Advice,,,Projectors,,,,,,,
Gambian,,,,,,,,,Hostile,,,,,,,,Changan,Changan,X6 M,Art History,Rude,,Colleges and Universities,,,PlayStation,,,,,,,
Georgian,,,,,,,,,Rude,,,,,,,,Haval,Haval,X7,Sculpture,Selfish,,Employment Agencies,,,Xbox,,,,,,,
German,,,,,,,,,Selfish,,,,,,,,Li Auto,Li Auto,XM,Documentary Photography,Uncooperative,,Language Learning,,,Nintendo Switch,,,,,,,
Ghanaian,,,,,,,,,Uncooperative,,,,,,,,Hongqi,Hongqi,Z4,Street Photography,Cold,,Online Education,,,Handheld Gaming Consoles,,,,,,,
Gibraltarian,,,,,,,,,Cold,,,,,,,,Roewe,Roewe,Mustang,Wine Tasting,Cruel,,Childcare,,,"Gaming Accessories (Headsets, Controllers)",,,,,,,
Greek,,,,,,,,,Cruel,,,,,,,,Tata Motors,Tata Motors,Fiesta,Craft Beer,Insensitive,,Accountants,,,3D Printing,,,,,,,
Greenlandic,,,,,,,,,Insensitive,,,,,,,,Mahindra,Mahindra,Focus,Mixology,Argumentative,,Banking,,,Smart Health Devices,,,,,,,
Grenadian,,,,,,,,,Argumentative,,,,,,,,Maruti Suzuki,Maruti Suzuki,Mondeo,Regional Cuisines,Antagonistic,,Credit and Debt Repair/Credit Reporting,,,Smart Kitchen Appliances,,,,,,,
Guamanian,,,,,,,,,Antagonistic,,,,,,,,Force Motors,Force Motors,Bronco,Food Science,Unkind,,Credit Cards,,,Smart Office Equipment,,,,,,,
Guatemalan,,,,,,,,,Unkind,,,,,,,,Ashok Leyland,Ashok Leyland,Bronco Sport,Organic Foods,Unreliable,,Insurance,,,Home Automation Systems,,,,,,,
Citizen of Guinea-Bissau,,,,,,,,,Unreliable,,,,,,,,_koda,_koda,Edge,Mental Health,Disorganized,,Mortgage Lenders and Brokers,,,Telecommunications,,,,,,,
Guinean,,,,,,,,,Disorganized,,,,,,,,SEAT,SEAT,Escape,Public Health,Careless,,Retirement Planning,,,Networking Devices,,,,,,,
Guyanese,,,,,,,,,Careless,,,,,,,,Spyker,Spyker,Explorer,Reproductive Health,Negligent,,Stocks and Investments,,,E-Readers,,,,,,,
Haitian,,,,,,,,,Negligent,,,,,,,,Dacia,Dacia,Expedition,Knitting,Inconsistent,,Student Financial Aid,,,Digital Cameras,,,,,,,
Honduran,,,,,,,,,Inconsistent,,,,,,,,Saab,Saab,EcoSport ,Crocheting,Lazy,,Tax Preparation Services,,,Portable Audio Devices,,,,,,,
Hong Konger,,,,,,,,,Lazy,,,,,,,,Zastava,Zastava,Puma ,Quilting,Forgetful,,Bakeries,,,,,,,,,,
Hungarian,,,,,,,,,Forgetful,,,,,,,,Rimac,Rimac,Kuga ,Pottery,Impulsive,,Bars,,,,,,,,,,
Icelandic,,,,,,,,,Impulsive,,,,,,,,Holden,Holden,S-Max ,Woodworking,Messy,,Catering,,,,,,,,,,
Indian,,,,,,,,,Messy,,,,,,,,UAZ,UAZ,Galaxy ,Board Games,Shy,,Fast Food,,,,,,,,,,
Indonesian,,,,,,,,,Shy,,,,,,,,GAZ,GAZ,F-150,Role-Playing Games,Reserved,,Food Delivery Services,,,,,,,,,,
Iranian,,,,,,,,,Reserved,,,,,,,,Lada,Lada,Ranger,Video Games,Withdrawn,,Restaurants,,,,,,,,,,
Iraqi,,,,,,,,,Withdrawn,,,,,,,,VinFast,VinFast,Maverick,Drones,Quiet,,BBQ/Grills/Outdoor Dining,,,,,,,,,,
Irish,,,,,,,,,Reclusive,,,,,,,,Oldsmobile,Oldsmobile,Mustang Mach-E,Virtual Reality Games,Aloof,,Beds and Accessories,,,,,,,,,,
Israeli,,,,,,,,,Inhibited,,,,,,,,Pontiac,Pontiac,Transit,Augmented Reality Games,Detached,,Cabinets and Storage,,,,,,,,,,
Italian,,,,,,,,,Quiet,,,,,,,,Saturn,Saturn,Transit Connect,Horror Fiction,Uncommunicative,,Chairs,,,,,,,,,,
Ivorian,,,,,,,,,Aloof,,,,,,,,,,E-Transit,Science Fiction,Unsociable,,Entertainment Centers and TV Stands,,,,,,,,,,
Jamaican,,,,,,,,,Detached,,,,,,,,,,Mustang Dark Horse,Writing Workshops,Conventional,,Furniture Sets,,,,,,,,,,
Japanese,,,,,,,,,Uncommunicative,,,,,,,,,,Edge ST,DIY Projects,Unadventurous,,Outdoor Furniture,,,,,,,,,,
Jordanian,,,,,,,,,Unsociable,,,,,,,,,,Explorer ST,Urban Gardening,Rigid,,Shelving,,,,,,,,,,
Kazakh,,,,,,,,,Conventional,,,,,,,,,,F-150 Raptor R,Home Automation,Predictable,,Sofas,,,,,,,,,,
Kenyan,,,,,,,,,Unadventurous,,,,,,,,,,Bronco Raptor,Energy-Efficient Homes,Uninquisitive,,Tables,,,,,,,,,,
Kittitian,,,,,,,,,Rigid,,,,,,,,,,Focus ST ,,Conservative,,Flowers,,,,,,,,,,
Citizen of Kiribati,,,,,,,,,Predictable,,,,,,,,,,Puma ST ,,Traditional,,Gift Baskets,,,,,,,,,,
Kosovan,,,,,,,,,Uninquisitive,,,,,,,,,,F-250,,Narrow-Minded,,Gift Cards and Coupons,,,,,,,,,,
Kuwaiti,,,,,,,,,Conservative,,,,,,,,,,F-350,,Anxious,,Party Goods,,,,,,,,,,
Kyrgyz,,,,,,,,,Traditional,,,,,,,,,,F-450,,Moody,,Building Materials,,,,,,,,,,
Lao,,,,,,,,,Narrow-Minded,,,,,,,,,,A-Class,,Insecure,,Building Supplies,,,,,,,,,,
Latvian,,,,,,,,,Anxious,,,,,,,,,,C-Class ,,Pessimistic,,Electrical Equipment,,,,,,,,,,
Lebanese,,,,,,,,,Moody,,,,,,,,,,E-Class ,,Fearful,,Hardware Accessories,,,,,,,,,,
Liberian,,,,,,,,,Insecure,,,,,,,,,,S-Class ,,Irritable,,Heating/Ventilation/Air Conditioning,,,,,,,,,,
Libyan,,,,,,,,,Pessimistic,,,,,,,,,,EQS ,,Depressed,,Plumbing Supplies,,,,,,,,,,
Liechtenstein citizen,,,,,,,,,Fearful,,,,,,,,,,CLA,,Reactive,,Power and Electrical Supplies,,,,,,,,,,
Lithuanian,,,,,,,,,Irritable,,,,,,,,,,AMG,,Vulnerable,,Tools,,,,,,,,,,
Luxembourger,,,,,,,,,Depressed,,,,,,,,,,AMG EQE  ,,Prudent,,Work Safety Protective Gear,,,,,,,,,,
Macanese,,,,,,,,,Reactive,,,,,,,,,,AMG EQS  ,,Risk-Averse,,Alternative and Natural Medicine,,,,,,,,,,
Macedonian,,,,,,,,,Vulnerable,,,,,,,,,,GLA ,,Guarded,,Health Care and Physicians,,,,,,,,,,
Malagasy,,,,,,,,,Prudent,,,,,,,,,,GLB ,,Wary,,Health Services,,,,,,,,,,
Malawian,,,,,,,,,Risk-Averse,,,,,,,,,,GLC ,,Suspicious,,Hospitals,,,,,,,,,,
Malaysian,,,,,,,,,Guarded,,,,,,,,,,GLE ,,Deliberate,,Physical Therapists,,,,,,,,,,
Maldivian,,,,,,,,,Wary,,,,,,,,,,GLS ,,Careful,,Skin Care Treatments,,,,,,,,,,
Malian,,,,,,,,,Suspicious,,,,,,,,,,G-Class ,,Hesitant,,Smoking Cessation,,,,,,,,,,
Marshallese,,,,,,,,,Deliberate,,,,,,,,,,EQB ,,Ambitious,,Vision Care,,,,,,,,,,
Martiniquais,,,,,,,,,Careful,,,,,,,,,,EQE ,,Driven,,Arts and Crafts,,,,,,,,,,
Mauritanian,,,,,,,,,Hesitant,,,,,,,,,,CLE,,Goal-Oriented,,Musical Instruments and Accessories,,,,,,,,,,
Mauritian,,,,,,,,,Ambitious,,,,,,,,,,SL,,Aggressive,,Appliance Repair,,,,,,,,,,
Mexican,,,,,,,,,Driven,,,,,,,,,,Vision,,Motivated,,Business and Home Security Services,,,,,,,,,,
Micronesian,,,,,,,,,Goal-Oriented,,,,,,,,,,Versa,,Determined,,Emergency Preparedness,,,,,,,,,,
Moldovan,,,,,,,,,Aggressive,,,,,,,,,,Sentra,,Focused,,Home Improvement and Repair,,,,,,,,,,
Monegasque,,,,,,,,,Motivated,,,,,,,,,,Altima,,Unconventional,,Housekeeping Services,,,,,,,,,,
Mongolian,,,,,,,,,Determined,,,,,,,,,,Maxima,,Unique,,Landscaping Services,,,,,,,,,,
Montenegrin,,,,,,,,,Focused,,,,,,,,,,LEAF,,Original,,Pest Exterminators,,,,,,,,,,
Montserratian,,,,,,,,,Unconventional,,,,,,,,,,Ariya,,Individualistic,,Plumbers,,,,,,,,,,
Moroccan,,,,,,,,,Unique,,,,,,,,,,Z,,Hopeful,,Remodeling and Construction,,,,,,,,,,
Mosotho,,,,,,,,,Original,,,,,,,,,,GT-R,,Positive,,Water Services,,,,,,,,,,
Mozambican,,,,,,,,,Individualistic,,,,,,,,,,Kicks,,Upbeat,,Window Installation and Treatments,,,,,,,,,,
Namibian,,,,,,,,,Hopeful,,,,,,,,,,Rogue,,Cheerful,,Attorneys,,,,,,,,,,
Nauruan,,,,,,,,,Positive,,,,,,,,,,Murano,,Bright,,Anniversary,,,,,,,,,,
Nepalese,,,,,,,,,Upbeat,,,,,,,,,,Pathfinder,,Encouraging,,Baby Showers,,,,,,,,,,
New Zealander,,,,,,,,,Cheerful,,,,,,,,,,Armada,,Negative,,Birthdays,,,,,,,,,,
Nicaraguan,,,,,,,,,Bright,,,,,,,,,,Frontier,,Cynical,,Funeral Supplies and Services,,,,,,,,,,
Nigerian,,,,,,,,,Encouraging,,,,,,,,,,Titan,,Gloomy,,Graduations,,,,,,,,,,
Nigerien,,,,,,,,,Negative,,,,,,,,,,Titan XD,,Hopeless,,Wedding Services and Supplies,,,,,,,,,,
Niuean,,,,,,,,,Cynical,,,,,,,,,,Corolla,,Doubtful,,Charities and Donations,,,,,,,,,,
North Korean,,,,,,,,,Gloomy,,,,,,,,,,Corolla Hatchback,,Critical,,Civic Organizations,,,,,,,,,,
Northern Irish,,,,,,,,,Hopeless,,,,,,,,,,Camry,,Skeptical,,Office Furniture,,,,,,,,,,
Norwegian,,,,,,,,,Doubtful,,,,,,,,,,Crown,,Trustworthy,,Stationery,,,,,,,,,,
Omani,,,,,,,,,Defeatist,,,,,,,,,,Mirai,,Loyal,,Pet Grooming,,,,,,,,,,
Pakistani,,,,,,,,,Critical,,,,,,,,,,Prius,,Faithful,,Pet Sitting,,,,,,,,,,
Palauan,,,,,,,,,Skeptical,,,,,,,,,,Prius Prime,,Steadfast,,Pet Stores,,,,,,,,,,
Palestinian,,,,,,,,,Trustworthy,,,,,,,,,,C-HR,,Committed,,Veterinary Services,,,,,,,,,,
Panamanian,,,,,,,,,Loyal,,,,,,,,,,Corolla Cross,,Consistent,,Commercial Real Estate,,,,,,,,,,
Papua New Guinean,,,,,,,,,Faithful,,,,,,,,,,RAV4,,Devoted,,Real Estate Rentals,,,,,,,,,,
Paraguayan,,,,,,,,,Steadfast,,,,,,,,,,Highlander,,Constant,,Real Estate Sales,,,,,,,,,,
Peruvian,,,,,,,,,Committed,,,,,,,,,,4Runner,,Supportive,,Dance Studios,,,,,,,,,,
Pitcairn Islander,,,,,,,,,Consistent,,,,,,,,,,Sequoia,,Versatile,,Gyms and Health Clubs,,,,,,,,,,
Polish,,,,,,,,,Devoted,,,,,,,,,,Land Cruiser,,Resourceful,,Personal Trainers,,,,,,,,,,
Portuguese,,,,,,,,,Constant,,,,,,,,,,Venza,,Easygoing,,Swimming Facilities,,,,,,,,,,
Prydeinig,,,,,,,,,Supportive,,,,,,,,,,Tacoma,,Tolerant,,Yoga Studios,,,,,,,,,,
Puerto Rican,,,,,,,,,Versatile,,,,,,,,,,Tundra,,Amenable,,Computer Software,,,,,,,,,,
Qatari,,,,,,,,,Resourceful,,,,,,,,,,Sienna,,,,Digital Goods and Currency,,,,,,,,,,
Romanian,,,,,,,,,Easygoing,,,,,,,,,,bZ4X,,,,Exercise and Fitness Equipment,,,,,,,,,,
Russian,,,,,,,,,Tolerant,,,,,,,,,,GR86,,,,Indoor Games Equipment,,,,,,,,,,
Rwandan,,,,,,,,,Amenable,,,,,,,,,,GR,,,,Outdoor Recreation Equipment,,,,,,,,,,
Salvadorean,,,,,,,,,,,,,,,,,,,Accord,,,,Air Travel,,,,,,,,,,
Sammarinese,,,,,,,,,,,,,,,,,,,Civic,,,,Beach Travel,,,,,,,,,,
Samoan,,,,,,,,,,,,,,,,,,,CR-V,,,,Business Travel,,,,,,,,,,
Sao Tomean,,,,,,,,,,,,,,,,,,,HR-V,,,,Camping,,,,,,,,,,
Saudi Arabian,,,,,,,,,,,,,,,,,,,Passport,,,,Cruise Travel,,,,,,,,,,
Scottish,,,,,,,,,,,,,,,,,,,Pilot,,,,Family Travel,,,,,,,,,,
Senegalese,,,,,,,,,,,,,,,,,,,Odyssey,,,,Hotels and Resorts,,,,,,,,,,
Serbian,,,,,,,,,,,,,,,,,,,Ridgeline,,,,Road Trips,,,,,,,,,,
Citizen of Seychelles,,,,,,,,,,,,,,,,,,,Prologue,,,,Sightseeing Tours and Activities,,,,,,,,,,
Sierra Leonean,,,,,,,,,,,,,,,,,,,F-Pace,,,,Travel Agents and Online Travel Services,,,,,,,,,,
Singaporean,,,,,,,,,,,,,,,,,,,E-Pace,,,,Travel Insurance,,,,,,,,,,
Slovak,,,,,,,,,,,,,,,,,,,I-Pace,,,,Domain Services,,,,,,,,,,
Slovenian,,,,,,,,,,,,,,,,,,,XF,,,,Internet Providers,,,,,,,,,,
Solomon Islander,,,,,,,,,,,,,,,,,,,F-Type,,,,Web Hosting and Cloud Computing,,,,,,,,,,
Somali,,,,,,,,,,,,,,,,,,,Range Rover,,,,,,,,,,,,,,
South African,,,,,,,,,,,,,,,,,,,Range Rover Sport,,,,,,,,,,,,,,
South Korean,,,,,,,,,,,,,,,,,,,Range Rover Velar,,,,,,,,,,,,,,
South Sudanese,,,,,,,,,,,,,,,,,,,Range Rover Evoque,,,,,,,,,,,,,,
Spanish,,,,,,,,,,,,,,,,,,,Defender,,,,,,,,,,,,,,
Sri Lankan,,,,,,,,,,,,,,,,,,,Discovery,,,,,,,,,,,,,,
St Helenian,,,,,,,,,,,,,,,,,,,Discovery Sport,,,,,,,,,,,,,,
St Lucian,,,,,,,,,,,,,,,,,,,718,,,,,,,,,,,,,,
Stateless,,,,,,,,,,,,,,,,,,,911,,,,,,,,,,,,,,
Sudanese,,,,,,,,,,,,,,,,,,,Taycan,,,,,,,,,,,,,,
Surinamese,,,,,,,,,,,,,,,,,,,Panamera,,,,,,,,,,,,,,
Swazi,,,,,,,,,,,,,,,,,,,Macan,,,,,,,,,,,,,,
Swedish,,,,,,,,,,,,,,,,,,,Cayenne,,,,,,,,,,,,,,
Swiss,,,,,,,,,,,,,,,,,,,ID.4,,,,,,,,,,,,,,
Syrian,,,,,,,,,,,,,,,,,,,Atlas,,,,,,,,,,,,,,
Taiwanese,,,,,,,,,,,,,,,,,,,Tiguan,,,,,,,,,,,,,,
Tajik,,,,,,,,,,,,,,,,,,,Taos,,,,,,,,,,,,,,
Tanzanian,,,,,,,,,,,,,,,,,,,Jetta,,,,,,,,,,,,,,
Thai,,,,,,,,,,,,,,,,,,,Arteon,,,,,,,,,,,,,,
Togolese,,,,,,,,,,,,,,,,,,,Golf,,,,,,,,,,,,,,
Tongan,,,,,,,,,,,,,,,,,,,XC40,,,,,,,,,,,,,,
Trinidadian,,,,,,,,,,,,,,,,,,,XC60,,,,,,,,,,,,,,
Tristanian,,,,,,,,,,,,,,,,,,,XC90,,,,,,,,,,,,,,
Tunisian,,,,,,,,,,,,,,,,,,,C40,,,,,,,,,,,,,,
Turkish,,,,,,,,,,,,,,,,,,,EX90,,,,,,,,,,,,,,
Turkmen,,,,,,,,,,,,,,,,,,,EX30,,,,,,,,,,,,,,
Turks and Caicos Islander,,,,,,,,,,,,,,,,,,,S60,,,,,,,,,,,,,,
Tuvaluan,,,,,,,,,,,,,,,,,,,S90,,,,,,,,,,,,,,
Ugandan,,,,,,,,,,,,,,,,,,,V60,,,,,,,,,,,,,,
Ukrainian,,,,,,,,,,,,,,,,,,,V90,,,,,,,,,,,,,,
Uruguayan,,,,,,,,,,,,,,,,,,,Corsa,,,,,,,,,,,,,,
Uzbek,,,,,,,,,,,,,,,,,,,Astra,,,,,,,,,,,,,,
Vatican citizen,,,,,,,,,,,,,,,,,,,Mokka,,,,,,,,,,,,,,
Citizen of Vanuatu,,,,,,,,,,,,,,,,,,,Crossland,,,,,,,,,,,,,,
Venezuelan,,,,,,,,,,,,,,,,,,,Grandland,,,,,,,,,,,,,,
Vietnamese,,,,,,,,,,,,,,,,,,,Insignia,,,,,,,,,,,,,,
Vincentian,,,,,,,,,,,,,,,,,,,Combo Life,,,,,,,,,,,,,,
Wallisian,,,,,,,,,,,,,,,,,,,Vivaro Life,,,,,,,,,,,,,,
Welsh,,,,,,,,,,,,,,,,,,,Accent,,,,,,,,,,,,,,
Yemeni,,,,,,,,,,,,,,,,,,,Elantra,,,,,,,,,,,,,,
Zambian,,,,,,,,,,,,,,,,,,,Sonata,,,,,,,,,,,,,,
Zimbabwean,,,,,,,,,,,,,,,,,,,Ioniq,,,,,,,,,,,,,,
,,,,,,,,,,,,,,,,,,,Kona,,,,,,,,,,,,,,
,,,,,,,,,,,,,,,,,,,Tucson,,,,,,,,,,,,,,
,,,,,,,,,,,,,,,,,,,Santa Fe,,,,,,,,,,,,,,
,,,,,,,,,,,,,,,,,,,Palisade,,,,,,,,,,,,,,
,,,,,,,,,,,,,,,,,,,Venue,,,,,,,,,,,,,,
,,,,,,,,,,,,,,,,,,,Santa Cruz,,,,,,,,,,,,,,
,,,,,,,,,,,,,,,,,,,Nexo,,,,,,,,,,,,,,
,,,,,,,,,,,,,,,,,,,Outlander,,,,,,,,,,,,,,
,,,,,,,,,,,,,,,,,,,Eclipse,,,,,,,,,,,,,,
,,,,,,,,,,,,,,,,,,,Mirage,,,,,,,,,,,,,,
,,,,,,,,,,,,,,,,,,,Ascent,,,,,,,,,,,,,,
,,,,,,,,,,,,,,,,,,,Solterra,,,,,,,,,,,,,,
,,,,,,,,,,,,,,,,,,,Forester,,,,,,,,,,,,,,
,,,,,,,,,,,,,,,,,,,Outback,,,,,,,,,,,,,,
,,,,,,,,,,,,,,,,,,,BRZ,,,,,,,,,,,,,,
,,,,,,,,,,,,,,,,,,,Crosstek,,,,,,,,,,,,,,
,,,,,,,,,,,,,,,,,,,WRX,,,,,,,,,,,,,,
,,,,,,,,,,,,,,,,,,,Impreza,,,,,,,,,,,,,,
,,,,,,,,,,,,,,,,,,,Legacy,,,,,,,,,,,,,,
,,,,,,,,,,,,,,,,,,,Mazda 3,,,,,,,,,,,,,,
,,,,,,,,,,,,,,,,,,,Mazda 6,,,,,,,,,,,,,,
,,,,,,,,,,,,,,,,,,,Mazda CX-3,,,,,,,,,,,,,,
,,,,,,,,,,,,,,,,,,,Mazda CX-30,,,,,,,,,,,,,,
,,,,,,,,,,,,,,,,,,,Mazda CX-5,,,,,,,,,,,,,,
,,,,,,,,,,,,,,,,,,,Mazda CX-50,,,,,,,,,,,,,,
,,,,,,,,,,,,,,,,,,,Mazda CX-90,,,,,,,,,,,,,,
,,,,,,,,,,,,,,,,,,,Mazda MX-5 Miata,,,,,,,,,,,,,,
,,,,,,,,,,,,,,,,,,,Kia Soul,,,,,,,,,,,,,,
,,,,,,,,,,,,,,,,,,,Kia Seltos,,,,,,,,,,,,,,
,,,,,,,,,,,,,,,,,,,Kia Sportage,,,,,,,,,,,,,,
,,,,,,,,,,,,,,,,,,,Kia Sorento,,,,,,,,,,,,,,
,,,,,,,,,,,,,,,,,,,Kia Telluride,,,,,,,,,,,,,,
,,,,,,,,,,,,,,,,,,,Kia Niro,,,,,,,,,,,,,,
,,,,,,,,,,,,,,,,,,,Kia EV6,,,,,,,,,,,,,,
,,,,,,,,,,,,,,,,,,,Kia EV9,,,,,,,,,,,,,,
,,,,,,,,,,,,,,,,,,,Kia Forte,,,,,,,,,,,,,,
,,,,,,,,,,,,,,,,,,,Kia K5,,,,,,,,,,,,,,
,,,,,,,,,,,,,,,,,,,Kia Stinger,,,,,,,,,,,,,,
,,,,,,,,,,,,,,,,,,,Kia Carnival,,,,,,,,,,,,,,
,,,,,,,,,,,,,,,,,,,Kia K4,,,,,,,,,,,,,,
,,,,,,,,,,,,,,,,,,,Kia Rio,,,,,,,,,,,,,,
,,,,,,,,,,,,,,,,,,,BYD Dolphin,,,,,,,,,,,,,,
,,,,,,,,,,,,,,,,,,,BYD Seal,,,,,,,,,,,,,,
,,,,,,,,,,,,,,,,,,,BYD Atto 3,,,,,,,,,,,,,,
,,,,,,,,,,,,,,,,,,,BYD Han,,,,,,,,,,,,,,
,,,,,,,,,,,,,,,,,,,BYD Tang,,,,,,,,,,,,,,
,,,,,,,,,,,,,,,,,,,BYD Yuan Plus,,,,,,,,,,,,,,
,,,,,,,,,,,,,,,,,,,BYD Song Plus,,,,,,,,,,,,,,
,,,,,,,,,,,,,,,,,,,BYD Denza D9,,,,,,,,,,,,,,
,,,,,,,,,,,,,,,,,,,Q50,,,,,,,,,,,,,,
,,,,,,,,,,,,,,,,,,,Q60,,,,,,,,,,,,,,
,,,,,,,,,,,,,,,,,,,QX50,,,,,,,,,,,,,,
,,,,,,,,,,,,,,,,,,,QX55,,,,,,,,,,,,,,
,,,,,,,,,,,,,,,,,,,QX60,,,,,,,,,,,,,,
,,,,,,,,,,,,,,,,,,,QX80,,,,,,,,,,,,,,
,,,,,,,,,,,,,,,,,,,MINI Hardtop,,,,,,,,,,,,,,
,,,,,,,,,,,,,,,,,,,MINI Convertible,,,,,,,,,,,,,,
,,,,,,,,,,,,,,,,,,,MINI Electric Hardtop,,,,,,,,,,,,,,
,,,,,,,,,,,,,,,,,,,MINI Countryman,,,,,,,,,,,,,,
,,,,,,,,,,,,,,,,,,,MINI Clubman,,,,,,,,,,,,,,
,,,,,,,,,,,,,,,,,,,Suzuki Swift,,,,,,,,,,,,,,
,,,,,,,,,,,,,,,,,,,Suzuki Baleno,,,,,,,,,,,,,,
,,,,,,,,,,,,,,,,,,,Suzuki Ignis,,,,,,,,,,,,,,
,,,,,,,,,,,,,,,,,,,Suzuki Celerio,,,,,,,,,,,,,,
,,,,,,,,,,,,,,,,,,,Suzuki S-Cross,,,,,,,,,,,,,,
,,,,,,,,,,,,,,,,,,,Suzuki Vitara,,,,,,,,,,,,,,
,,,,,,,,,,,,,,,,,,,Suzuki Jimny,,,,,,,,,,,,,,
,,,,,,,,,,,,,,,,,,,,,,,,,,,,,,,,,
,,,,,,,,,,,,,,,,,,,,,,,,,,,,,,,,,
,,,,,,,,,,,,,,,,,,,,,,,,,,,,,,,,,
,,,,,,,,,,,,,,,,,,,,,,,,,,,,,,,,,
,,,,,,,,,,,,,,,,,,,,,,,,,,,,,,,,,
,,,,,,,,,,,,,,,,,,,,,,,,,,,,,,,,,
,,,,,,,,,,,,,,,,,,,,,,,,,,,,,,,,,
,,,,,,,,,,,,,,,,,,,,,,,,,,,,,,,,,
,,,,,,,,,,,,,,,,,,,,,,,,,,,,,,,,,
,,,,,,,,,,,,,,,,,,,,,,,,,,,,,,,,,
,,,,,,,,,,,,,,,,,,,,,,,,,,,,,,,,,
,,,,,,,,,,,,,,,,,,,,,,,,,,,,,,,,,
,,,,,,,,,,,,,,,,,,,,,,,,,,,,,,,,,
,,,,,,,,,,,,,,,,,,,,,,,,,,,,,,,,,
,,,,,,,,,,,,,,,,,,,,,,,,,,,,,,,,,
,,,,,,,,,,,,,,,,,,,,,,,,,,,,,,,,,
,,,,,,,,,,,,,,,,,,,,,,,,,,,,,,,,,
,,,,,,,,,,,,,,,,,,,,,,,,,,,,,,,,,
,,,,,,,,,,,,,,,,,,,,,,,,,,,,,,,,,
,,,,,,,,,,,,,,,,,,,,,,,,,,,,,,,,,
,,,,,,,,,,,,,,,,,,,,,,,,,,,,,,,,,
,,,,,,,,,,,,,,,,,,,,,,,,,,,,,,,,,
,,,,,,,,,,,,,,,,,,,,,,,,,,,,,,,,,
,,,,,,,,,,,,,,,,,,,,,,,,,,,,,,,,,
,,,,,,,,,,,,,,,,,,,,,,,,,,,,,,,,,
,,,,,,,,,,,,,,,,,,,,,,,,,,,,,,,,,
,,,,,,,,,,,,,,,,,,,,,,,,,,,,,,,,,
,,,,,,,,,,,,,,,,,,,,,,,,,,,,,,,,,
,,,,,,,,,,,,,,,,,,,,,,,,,,,,,,,,,
,,,,,,,,,,,,,,,,,,,,,,,,,,,,,,,,,
,,,,,,,,,,,,,,,,,,,,,,,,,,,,,,,,,
,,,,,,,,,,,,,,,,,,,,,,,,,,,,,,,,,
,,,,,,,,,,,,,,,,,,,,,,,,,,,,,,,,,
,,,,,,,,,,,,,,,,,,,,,,,,,,,,,,,,,
,,,,,,,,,,,,,,,,,,,,,,,,,,,,,,,,,
,,,,,,,,,,,,,,,,,,,,,,,,,,,,,,,,,
,,,,,,,,,,,,,,,,,,,,,,,,,,,,,,,,,
,,,,,,,,,,,,,,,,,,,,,,,,,,,,,,,,,
,,,,,,,,,,,,,,,,,,,,,,,,,,,,,,,,,
,,,,,,,,,,,,,,,,,,,,,,,,,,,,,,,,,
,,,,,,,,,,,,,,,,,,,,,,,,,,,,,,,,,
,,,,,,,,,,,,,,,,,,,,,,,,,,,,,,,,,
,,,,,,,,,,,,,,,,,,,,,,,,,,,,,,,,,
,,,,,,,,,,,,,,,,,,,,,,,,,,,,,,,,,
,,,,,,,,,,,,,,,,,,,,,,,,,,,,,,,,,
,,,,,,,,,,,,,,,,,,,,,,,,,,,,,,,,,
,,,,,,,,,,,,,,,,,,,,,,,,,,,,,,,,,
,,,,,,,,,,,,,,,,,,,,,,,,,,,,,,,,,
,,,,,,,,,,,,,,,,,,,,,,,,,,,,,,,,,
,,,,,,,,,,,,,,,,,,,,,,,,,,,,,,,,,
,,,,,,,,,,,,,,,,,,,,,,,,,,,,,,,,,
,,,,,,,,,,,,,,,,,,,,,,,,,,,,,,,,,
,,,,,,,,,,,,,,,,,,,,,,,,,,,,,,,,,
,,,,,,,,,,,,,,,,,,,,,,,,,,,,,,,,,
,,,,,,,,,,,,,,,,,,,,,,,,,,,,,,,,,
,,,,,,,,,,,,,,,,,,,,,,,,,,,,,,,,,
,,,,,,,,,,,,,,,,,,,,,,,,,,,,,,,,,
,,,,,,,,,,,,,,,,,,,,,,,,,,,,,,,,,
,,,,,,,,,,,,,,,,,,,,,,,,,,,,,,,,,
,,,,,,,,,,,,,,,,,,,,,,,,,,,,,,,,,
,,,,,,,,,,,,,,,,,,,,,,,,,,,,,,,,,
,,,,,,,,,,,,,,,,,,,,,,,,,,,,,,,,,
,,,,,,,,,,,,,,,,,,,,,,,,,,,,,,,,,
,,,,,,,,,,,,,,,,,,,,,,,,,,,,,,,,,
,,,,,,,,,,,,,,,,,,,,,,,,,,,,,,,,,
,,,,,,,,,,,,,,,,,,,,,,,,,,,,,,,,,
,,,,,,,,,,,,,,,,,,,,,,,,,,,,,,,,,
,,,,,,,,,,,,,,,,,,,,,,,,,,,,,,,,,
,,,,,,,,,,,,,,,,,,,,,,,,,,,,,,,,,
,,,,,,,,,,,,,,,,,,,,,,,,,,,,,,,,,
,,,,,,,,,,,,,,,,,,,,,,,,,,,,,,,,,
,,,,,,,,,,,,,,,,,,,,,,,,,,,,,,,,,
,,,,,,,,,,,,,,,,,,,,,,,,,,,,,,,,,
,,,,,,,,,,,,,,,,,,,,,,,,,,,,,,,,,
,,,,,,,,,,,,,,,,,,,,,,,,,,,,,,,,,
,,,,,,,,,,,,,,,,,,,,,,,,,,,,,,,,,
,,,,,,,,,,,,,,,,,,,,,,,,,,,,,,,,,
,,,,,,,,,,,,,,,,,,,,,,,,,,,,,,,,,
,,,,,,,,,,,,,,,,,,,,,,,,,,,,,,,,,
,,,,,,,,,,,,,,,,,,,,,,,,,,,,,,,,,
,,,,,,,,,,,,,,,,,,,,,,,,,,,,,,,,,
,,,,,,,,,,,,,,,,,,,,,,,,,,,,,,,,,
,,,,,,,,,,,,,,,,,,,,,,,,,,,,,,,,,
,,,,,,,,,,,,,,,,,,,,,,,,,,,,,,,,,
,,,,,,,,,,,,,,,,,,,,,,,,,,,,,,,,,
,,,,,,,,,,,,,,,,,,,,,,,,,,,,,,,,,
,,,,,,,,,,,,,,,,,,,,,,,,,,,,,,,,,
,,,,,,,,,,,,,,,,,,,,,,,,,,,,,,,,,
,,,,,,,,,,,,,,,,,,,,,,,,,,,,,,,,,
,,,,,,,,,,,,,,,,,,,,,,,,,,,,,,,,,
,,,,,,,,,,,,,,,,,,,,,,,,,,,,,,,,,
,,,,,,,,,,,,,,,,,,,,,,,,,,,,,,,,,
,,,,,,,,,,,,,,,,,,,,,,,,,,,,,,,,,
,,,,,,,,,,,,,,,,,,,,,,,,,,,,,,,,,
,,,,,,,,,,,,,,,,,,,,,,,,,,,,,,,,,
,,,,,,,,,,,,,,,,,,,,,,,,,,,,,,,,,
,,,,,,,,,,,,,,,,,,,,,,,,,,,,,,,,,
,,,,,,,,,,,,,,,,,,,,,,,,,,,,,,,,,
,,,,,,,,,,,,,,,,,,,,,,,,,,,,,,,,,
,,,,,,,,,,,,,,,,,,,,,,,,,,,,,,,,,
,,,,,,,,,,,,,,,,,,,,,,,,,,,,,,,,,
,,,,,,,,,,,,,,,,,,,,,,,,,,,,,,,,,
,,,,,,,,,,,,,,,,,,,,,,,,,,,,,,,,,
,,,,,,,,,,,,,,,,,,,,,,,,,,,,,,,,,
,,,,,,,,,,,,,,,,,,,,,,,,,,,,,,,,,
,,,,,,,,,,,,,,,,,,,,,,,,,,,,,,,,,
,,,,,,,,,,,,,,,,,,,,,,,,,,,,,,,,,
,,,,,,,,,,,,,,,,,,,,,,,,,,,,,,,,,
,,,,,,,,,,,,,,,,,,,,,,,,,,,,,,,,,
,,,,,,,,,,,,,,,,,,,,,,,,,,,,,,,,,
,,,,,,,,,,,,,,,,,,,,,,,,,,,,,,,,,
,,,,,,,,,,,,,,,,,,,,,,,,,,,,,,,,,
,,,,,,,,,,,,,,,,,,,,,,,,,,,,,,,,,
,,,,,,,,,,,,,,,,,,,,,,,,,,,,,,,,,
,,,,,,,,,,,,,,,,,,,,,,,,,,,,,,,,,
,,,,,,,,,,,,,,,,,,,,,,,,,,,,,,,,,
,,,,,,,,,,,,,,,,,,,,,,,,,,,,,,,,,
,,,,,,,,,,,,,,,,,,,,,,,,,,,,,,,,,
,,,,,,,,,,,,,,,,,,,,,,,,,,,,,,,,,
,,,,,,,,,,,,,,,,,,,,,,,,,,,,,,,,,
,,,,,,,,,,,,,,,,,,,,,,,,,,,,,,,,,
,,,,,,,,,,,,,,,,,,,,,,,,,,,,,,,,,
,,,,,,,,,,,,,,,,,,,,,,,,,,,,,,,,,
,,,,,,,,,,,,,,,,,,,,,,,,,,,,,,,,,
,,,,,,,,,,,,,,,,,,,,,,,,,,,,,,,,,
,,,,,,,,,,,,,,,,,,,,,,,,,,,,,,,,,
,,,,,,,,,,,,,,,,,,,,,,,,,,,,,,,,,
,,,,,,,,,,,,,,,,,,,,,,,,,,,,,,,,,
,,,,,,,,,,,,,,,,,,,,,,,,,,,,,,,,,
,,,,,,,,,,,,,,,,,,,,,,,,,,,,,,,,,
,,,,,,,,,,,,,,,,,,,,,,,,,,,,,,,,,
,,,,,,,,,,,,,,,,,,,,,,,,,,,,,,,,,
,,,,,,,,,,,,,,,,,,,,,,,,,,,,,,,,,
,,,,,,,,,,,,,,,,,,,,,,,,,,,,,,,,,
,,,,,,,,,,,,,,,,,,,,,,,,,,,,,,,,,
,,,,,,,,,,,,,,,,,,,,,,,,,,,,,,,,,
,,,,,,,,,,,,,,,,,,,,,,,,,,,,,,,,,
,,,,,,,,,,,,,,,,,,,,,,,,,,,,,,,,,
,,,,,,,,,,,,,,,,,,,,,,,,,,,,,,,,,
,,,,,,,,,,,,,,,,,,,,,,,,,,,,,,,,,
,,,,,,,,,,,,,,,,,,,,,,,,,,,,,,,,,
,,,,,,,,,,,,,,,,,,,,,,,,,,,,,,,,,
,,,,,,,,,,,,,,,,,,,,,,,,,,,,,,,,,
,,,,,,,,,,,,,,,,,,,,,,,,,,,,,,,,,
,,,,,,,,,,,,,,,,,,,,,,,,,,,,,,,,,
,,,,,,,,,,,,,,,,,,,,,,,,,,,,,,,,,
,,,,,,,,,,,,,,,,,,,,,,,,,,,,,,,,,
,,,,,,,,,,,,,,,,,,,,,,,,,,,,,,,,,
,,,,,,,,,,,,,,,,,,,,,,,,,,,,,,,,,
,,,,,,,,,,,,,,,,,,,,,,,,,,,,,,,,,
,,,,,,,,,,,,,,,,,,,,,,,,,,,,,,,,,
,,,,,,,,,,,,,,,,,,,,,,,,,,,,,,,,,
,,,,,,,,,,,,,,,,,,,,,,,,,,,,,,,,,
,,,,,,,,,,,,,,,,,,,,,,,,,,,,,,,,,
,,,,,,,,,,,,,,,,,,,,,,,,,,,,,,,,,
,,,,,,,,,,,,,,,,,,,,,,,,,,,,,,,,,
,,,,,,,,,,,,,,,,,,,,,,,,,,,,,,,,,
,,,,,,,,,,,,,,,,,,,,,,,,,,,,,,,,,
,,,,,,,,,,,,,,,,,,,,,,,,,,,,,,,,,
,,,,,,,,,,,,,,,,,,,,,,,,,,,,,,,,,
,,,,,,,,,,,,,,,,,,,,,,,,,,,,,,,,,
,,,,,,,,,,,,,,,,,,,,,,,,,,,,,,,,,
,,,,,,,,,,,,,,,,,,,,,,,,,,,,,,,,,
,,,,,,,,,,,,,,,,,,,,,,,,,,,,,,,,,
,,,,,,,,,,,,,,,,,,,,,,,,,,,,,,,,,
,,,,,,,,,,,,,,,,,,,,,,,,,,,,,,,,,
,,,,,,,,,,,,,,,,,,,,,,,,,,,,,,,,,
,,,,,,,,,,,,,,,,,,,,,,,,,,,,,,,,,
,,,,,,,,,,,,,,,,,,,,,,,,,,,,,,,,,
,,,,,,,,,,,,,,,,,,,,,,,,,,,,,,,,,
,,,,,,,,,,,,,,,,,,,,,,,,,,,,,,,,,
,,,,,,,,,,,,,,,,,,,,,,,,,,,,,,,,,
,,,,,,,,,,,,,,,,,,,,,,,,,,,,,,,,,
,,,,,,,,,,,,,,,,,,,,,,,,,,,,,,,,,
,,,,,,,,,,,,,,,,,,,,,,,,,,,,,,,,,
,,,,,,,,,,,,,,,,,,,,,,,,,,,,,,,,,
,,,,,,,,,,,,,,,,,,,,,,,,,,,,,,,,,
,,,,,,,,,,,,,,,,,,,,,,,,,,,,,,,,,
,,,,,,,,,,,,,,,,,,,,,,,,,,,,,,,,,
,,,,,,,,,,,,,,,,,,,,,,,,,,,,,,,,,
,,,,,,,,,,,,,,,,,,,,,,,,,,,,,,,,,
,,,,,,,,,,,,,,,,,,,,,,,,,,,,,,,,,
,,,,,,,,,,,,,,,,,,,,,,,,,,,,,,,,,
,,,,,,,,,,,,,,,,,,,,,,,,,,,,,,,,,
,,,,,,,,,,,,,,,,,,,,,,,,,,,,,,,,,
,,,,,,,,,,,,,,,,,,,,,,,,,,,,,,,,,
,,,,,,,,,,,,,,,,,,,,,,,,,,,,,,,,,
,,,,,,,,,,,,,,,,,,,,,,,,,,,,,,,,,
,,,,,,,,,,,,,,,,,,,,,,,,,,,,,,,,,
,,,,,,,,,,,,,,,,,,,,,,,,,,,,,,,,,
,,,,,,,,,,,,,,,,,,,,,,,,,,,,,,,,,
,,,,,,,,,,,,,,,,,,,,,,,,,,,,,,,,,
,,,,,,,,,,,,,,,,,,,,,,,,,,,,,,,,,
,,,,,,,,,,,,,,,,,,,,,,,,,,,,,,,,,
,,,,,,,,,,,,,,,,,,,,,,,,,,,,,,,,,
,,,,,,,,,,,,,,,,,,,,,,,,,,,,,,,,,
,,,,,,,,,,,,,,,,,,,,,,,,,,,,,,,,,
,,,,,,,,,,,,,,,,,,,,,,,,,,,,,,,,,
,,,,,,,,,,,,,,,,,,,,,,,,,,,,,,,,,
,,,,,,,,,,,,,,,,,,,,,,,,,,,,,,,,,
,,,,,,,,,,,,,,,,,,,,,,,,,,,,,,,,,
,,,,,,,,,,,,,,,,,,,,,,,,,,,,,,,,,
,,,,,,,,,,,,,,,,,,,,,,,,,,,,,,,,,
,,,,,,,,,,,,,,,,,,,,,,,,,,,,,,,,,
,,,,,,,,,,,,,,,,,,,,,,,,,,,,,,,,,
,,,,,,,,,,,,,,,,,,,,,,,,,,,,,,,,,
,,,,,,,,,,,,,,,,,,,,,,,,,,,,,,,,,
,,,,,,,,,,,,,,,,,,,,,,,,,,,,,,,,,
,,,,,,,,,,,,,,,,,,,,,,,,,,,,,,,,,
,,,,,,,,,,,,,,,,,,,,,,,,,,,,,,,,,
,,,,,,,,,,,,,,,,,,,,,,,,,,,,,,,,,
,,,,,,,,,,,,,,,,,,,,,,,,,,,,,,,,,
,,,,,,,,,,,,,,,,,,,,,,,,,,,,,,,,,
,,,,,,,,,,,,,,,,,,,,,,,,,,,,,,,,,
,,,,,,,,,,,,,,,,,,,,,,,,,,,,,,,,,
,,,,,,,,,,,,,,,,,,,,,,,,,,,,,,,,,
,,,,,,,,,,,,,,,,,,,,,,,,,,,,,,,,,
,,,,,,,,,,,,,,,,,,,,,,,,,,,,,,,,,
,,,,,,,,,,,,,,,,,,,,,,,,,,,,,,,,,
,,,,,,,,,,,,,,,,,,,,,,,,,,,,,,,,,
,,,,,,,,,,,,,,,,,,,,,,,,,,,,,,,,,
,,,,,,,,,,,,,,,,,,,,,,,,,,,,,,,,,
,,,,,,,,,,,,,,,,,,,,,,,,,,,,,,,,,
,,,,,,,,,,,,,,,,,,,,,,,,,,,,,,,,,
,,,,,,,,,,,,,,,,,,,,,,,,,,,,,,,,,
,,,,,,,,,,,,,,,,,,,,,,,,,,,,,,,,,
,,,,,,,,,,,,,,,,,,,,,,,,,,,,,,,,,
,,,,,,,,,,,,,,,,,,,,,,,,,,,,,,,,,
,,,,,,,,,,,,,,,,,,,,,,,,,,,,,,,,,
,,,,,,,,,,,,,,,,,,,,,,,,,,,,,,,,,
,,,,,,,,,,,,,,,,,,,,,,,,,,,,,,,,,
,,,,,,,,,,,,,,,,,,,,,,,,,,,,,,,,,
,,,,,,,,,,,,,,,,,,,,,,,,,,,,,,,,,
,,,,,,,,,,,,,,,,,,,,,,,,,,,,,,,,,
,,,,,,,,,,,,,,,,,,,,,,,,,,,,,,,,,
,,,,,,,,,,,,,,,,,,,,,,,,,,,,,,,,,
,,,,,,,,,,,,,,,,,,,,,,,,,,,,,,,,,
,,,,,,,,,,,,,,,,,,,,,,,,,,,,,,,,,
,,,,,,,,,,,,,,,,,,,,,,,,,,,,,,,,,
,,,,,,,,,,,,,,,,,,,,,,,,,,,,,,,,,
,,,,,,,,,,,,,,,,,,,,,,,,,,,,,,,,,
,,,,,,,,,,,,,,,,,,,,,,,,,,,,,,,,,
,,,,,,,,,,,,,,,,,,,,,,,,,,,,,,,,,
,,,,,,,,,,,,,,,,,,,,,,,,,,,,,,,,,
,,,,,,,,,,,,,,,,,,,,,,,,,,,,,,,,,
,,,,,,,,,,,,,,,,,,,,,,,,,,,,,,,,,
,,,,,,,,,,,,,,,,,,,,,,,,,,,,,,,,,
,,,,,,,,,,,,,,,,,,,,,,,,,,,,,,,,,
,,,,,,,,,,,,,,,,,,,,,,,,,,,,,,,,,
,,,,,,,,,,,,,,,,,,,,,,,,,,,,,,,,,
,,,,,,,,,,,,,,,,,,,,,,,,,,,,,,,,,
,,,,,,,,,,,,,,,,,,,,,,,,,,,,,,,,,
,,,,,,,,,,,,,,,,,,,,,,,,,,,,,,,,,
,,,,,,,,,,,,,,,,,,,,,,,,,,,,,,,,,
,,,,,,,,,,,,,,,,,,,,,,,,,,,,,,,,,
,,,,,,,,,,,,,,,,,,,,,,,,,,,,,,,,,
,,,,,,,,,,,,,,,,,,,,,,,,,,,,,,,,,
,,,,,,,,,,,,,,,,,,,,,,,,,,,,,,,,,
,,,,,,,,,,,,,,,,,,,,,,,,,,,,,,,,,
,,,,,,,,,,,,,,,,,,,,,,,,,,,,,,,,,
,,,,,,,,,,,,,,,,,,,,,,,,,,,,,,,,,
,,,,,,,,,,,,,,,,,,,,,,,,,,,,,,,,,
,,,,,,,,,,,,,,,,,,,,,,,,,,,,,,,,,
,,,,,,,,,,,,,,,,,,,,,,,,,,,,,,,,,
,,,,,,,,,,,,,,,,,,,,,,,,,,,,,,,,,
,,,,,,,,,,,,,,,,,,,,,,,,,,,,,,,,,
,,,,,,,,,,,,,,,,,,,,,,,,,,,,,,,,,
,,,,,,,,,,,,,,,,,,,,,,,,,,,,,,,,,
,,,,,,,,,,,,,,,,,,,,,,,,,,,,,,,,,
,,,,,,,,,,,,,,,,,,,,,,,,,,,,,,,,,
,,,,,,,,,,,,,,,,,,,,,,,,,,,,,,,,,
,,,,,,,,,,,,,,,,,,,,,,,,,,,,,,,,,
,,,,,,,,,,,,,,,,,,,,,,,,,,,,,,,,,
,,,,,,,,,,,,,,,,,,,,,,,,,,,,,,,,,
,,,,,,,,,,,,,,,,,,,,,,,,,,,,,,,,,
,,,,,,,,,,,,,,,,,,,,,,,,,,,,,,,,,
,,,,,,,,,,,,,,,,,,,,,,,,,,,,,,,,,
,,,,,,,,,,,,,,,,,,,,,,,,,,,,,,,,,
,,,,,,,,,,,,,,,,,,,,,,,,,,,,,,,,,
,,,,,,,,,,,,,,,,,,,,,,,,,,,,,,,,,
,,,,,,,,,,,,,,,,,,,,,,,,,,,,,,,,,
,,,,,,,,,,,,,,,,,,,,,,,,,,,,,,,,,
,,,,,,,,,,,,,,,,,,,,,,,,,,,,,,,,,
,,,,,,,,,,,,,,,,,,,,,,,,,,,,,,,,,
,,,,,,,,,,,,,,,,,,,,,,,,,,,,,,,,,
,,,,,,,,,,,,,,,,,,,,,,,,,,,,,,,,,
,,,,,,,,,,,,,,,,,,,,,,,,,,,,,,,,,
,,,,,,,,,,,,,,,,,,,,,,,,,,,,,,,,,
,,,,,,,,,,,,,,,,,,,,,,,,,,,,,,,,,
,,,,,,,,,,,,,,,,,,,,,,,,,,,,,,,,,
,,,,,,,,,,,,,,,,,,,,,,,,,,,,,,,,,
,,,,,,,,,,,,,,,,,,,,,,,,,,,,,,,,,
,,,,,,,,,,,,,,,,,,,,,,,,,,,,,,,,,
,,,,,,,,,,,,,,,,,,,,,,,,,,,,,,,,,
,,,,,,,,,,,,,,,,,,,,,,,,,,,,,,,,,
,,,,,,,,,,,,,,,,,,,,,,,,,,,,,,,,,
,,,,,,,,,,,,,,,,,,,,,,,,,,,,,,,,,
,,,,,,,,,,,,,,,,,,,,,,,,,,,,,,,,,
,,,,,,,,,,,,,,,,,,,,,,,,,,,,,,,,,
,,,,,,,,,,,,,,,,,,,,,,,,,,,,,,,,,
,,,,,,,,,,,,,,,,,,,,,,,,,,,,,,,,,
,,,,,,,,,,,,,,,,,,,,,,,,,,,,,,,,,
,,,,,,,,,,,,,,,,,,,,,,,,,,,,,,,,,
,,,,,,,,,,,,,,,,,,,,,,,,,,,,,,,,,
,,,,,,,,,,,,,,,,,,,,,,,,,,,,,,,,,
,,,,,,,,,,,,,,,,,,,,,,,,,,,,,,,,,
,,,,,,,,,,,,,,,,,,,,,,,,,,,,,,,,,
,,,,,,,,,,,,,,,,,,,,,,,,,,,,,,,,,
,,,,,,,,,,,,,,,,,,,,,,,,,,,,,,,,,
,,,,,,,,,,,,,,,,,,,,,,,,,,,,,,,,,
,,,,,,,,,,,,,,,,,,,,,,,,,,,,,,,,,
,,,,,,,,,,,,,,,,,,,,,,,,,,,,,,,,,
,,,,,,,,,,,,,,,,,,,,,,,,,,,,,,,,,
,,,,,,,,,,,,,,,,,,,,,,,,,,,,,,,,,
,,,,,,,,,,,,,,,,,,,,,,,,,,,,,,,,,
,,,,,,,,,,,,,,,,,,,,,,,,,,,,,,,,,
,,,,,,,,,,,,,,,,,,,,,,,,,,,,,,,,,
,,,,,,,,,,,,,,,,,,,,,,,,,,,,,,,,,
,,,,,,,,,,,,,,,,,,,,,,,,,,,,,,,,,
,,,,,,,,,,,,,,,,,,,,,,,,,,,,,,,,,
,,,,,,,,,,,,,,,,,,,,,,,,,,,,,,,,,
,,,,,,,,,,,,,,,,,,,,,,,,,,,,,,,,,
,,,,,,,,,,,,,,,,,,,,,,,,,,,,,,,,,
,,,,,,,,,,,,,,,,,,,,,,,,,,,,,,,,,
,,,,,,,,,,,,,,,,,,,,,,,,,,,,,,,,,
,,,,,,,,,,,,,,,,,,,,,,,,,,,,,,,,,
,,,,,,,,,,,,,,,,,,,,,,,,,,,,,,,,,
,,,,,,,,,,,,,,,,,,,,,,,,,,,,,,,,,
,,,,,,,,,,,,,,,,,,,,,,,,,,,,,,,,,
,,,,,,,,,,,,,,,,,,,,,,,,,,,,,,,,,
,,,,,,,,,,,,,,,,,,,,,,,,,,,,,,,,,
,,,,,,,,,,,,,,,,,,,,,,,,,,,,,,,,,
,,,,,,,,,,,,,,,,,,,,,,,,,,,,,,,,,
,,,,,,,,,,,,,,,,,,,,,,,,,,,,,,,,,
,,,,,,,,,,,,,,,,,,,,,,,,,,,,,,,,,
,,,,,,,,,,,,,,,,,,,,,,,,,,,,,,,,,
,,,,,,,,,,,,,,,,,,,,,,,,,,,,,,,,,
,,,,,,,,,,,,,,,,,,,,,,,,,,,,,,,,,
,,,,,,,,,,,,,,,,,,,,,,,,,,,,,,,,,
,,,,,,,,,,,,,,,,,,,,,,,,,,,,,,,,,
,,,,,,,,,,,,,,,,,,,,,,,,,,,,,,,,,
,,,,,,,,,,,,,,,,,,,,,,,,,,,,,,,,,
,,,,,,,,,,,,,,,,,,,,,,,,,,,,,,,,,
,,,,,,,,,,,,,,,,,,,,,,,,,,,,,,,,,
,,,,,,,,,,,,,,,,,,,,,,,,,,,,,,,,,
,,,,,,,,,,,,,,,,,,,,,,,,,,,,,,,,,
,,,,,,,,,,,,,,,,,,,,,,,,,,,,,,,,,
,,,,,,,,,,,,,,,,,,,,,,,,,,,,,,,,,
,,,,,,,,,,,,,,,,,,,,,,,,,,,,,,,,,
,,,,,,,,,,,,,,,,,,,,,,,,,,,,,,,,,
,,,,,,,,,,,,,,,,,,,,,,,,,,,,,,,,,
,,,,,,,,,,,,,,,,,,,,,,,,,,,,,,,,,
,,,,,,,,,,,,,,,,,,,,,,,,,,,,,,,,,
,,,,,,,,,,,,,,,,,,,,,,,,,,,,,,,,,
,,,,,,,,,,,,,,,,,,,,,,,,,,,,,,,,,
,,,,,,,,,,,,,,,,,,,,,,,,,,,,,,,,,
,,,,,,,,,,,,,,,,,,,,,,,,,,,,,,,,,
,,,,,,,,,,,,,,,,,,,,,,,,,,,,,,,,,
,,,,,,,,,,,,,,,,,,,,,,,,,,,,,,,,,
,,,,,,,,,,,,,,,,,,,,,,,,,,,,,,,,,
,,,,,,,,,,,,,,,,,,,,,,,,,,,,,,,,,
,,,,,,,,,,,,,,,,,,,,,,,,,,,,,,,,,
,,,,,,,,,,,,,,,,,,,,,,,,,,,,,,,,,
,,,,,,,,,,,,,,,,,,,,,,,,,,,,,,,,,
,,,,,,,,,,,,,,,,,,,,,,,,,,,,,,,,,
,,,,,,,,,,,,,,,,,,,,,,,,,,,,,,,,,
,,,,,,,,,,,,,,,,,,,,,,,,,,,,,,,,,
,,,,,,,,,,,,,,,,,,,,,,,,,,,,,,,,,
,,,,,,,,,,,,,,,,,,,,,,,,,,,,,,,,,
,,,,,,,,,,,,,,,,,,,,,,,,,,,,,,,,,
,,,,,,,,,,,,,,,,,,,,,,,,,,,,,,,,,
,,,,,,,,,,,,,,,,,,,,,,,,,,,,,,,,,
,,,,,,,,,,,,,,,,,,,,,,,,,,,,,,,,,
,,,,,,,,,,,,,,,,,,,,,,,,,,,,,,,,,
,,,,,,,,,,,,,,,,,,,,,,,,,,,,,,,,,
,,,,,,,,,,,,,,,,,,,,,,,,,,,,,,,,,
,,,,,,,,,,,,,,,,,,,,,,,,,,,,,,,,,
,,,,,,,,,,,,,,,,,,,,,,,,,,,,,,,,,
,,,,,,,,,,,,,,,,,,,,,,,,,,,,,,,,,
,,,,,,,,,,,,,,,,,,,,,,,,,,,,,,,,,
,,,,,,,,,,,,,,,,,,,,,,,,,,,,,,,,,
,,,,,,,,,,,,,,,,,,,,,,,,,,,,,,,,,
,,,,,,,,,,,,,,,,,,,,,,,,,,,,,,,,,
,,,,,,,,,,,,,,,,,,,,,,,,,,,,,,,,,
,,,,,,,,,,,,,,,,,,,,,,,,,,,,,,,,,
,,,,,,,,,,,,,,,,,,,,,,,,,,,,,,,,,
,,,,,,,,,,,,,,,,,,,,,,,,,,,,,,,,,
,,,,,,,,,,,,,,,,,,,,,,,,,,,,,,,,,
,,,,,,,,,,,,,,,,,,,,,,,,,,,,,,,,,
,,,,,,,,,,,,,,,,,,,,,,,,,,,,,,,,,
,,,,,,,,,,,,,,,,,,,,,,,,,,,,,,,,,
,,,,,,,,,,,,,,,,,,,,,,,,,,,,,,,,,
,,,,,,,,,,,,,,,,,,,,,,,,,,,,,,,,,
,,,,,,,,,,,,,,,,,,,,,,,,,,,,,,,,,
,,,,,,,,,,,,,,,,,,,,,,,,,,,,,,,,,
,,,,,,,,,,,,,,,,,,,,,,,,,,,,,,,,,
,,,,,,,,,,,,,,,,,,,,,,,,,,,,,,,,,
,,,,,,,,,,,,,,,,,,,,,,,,,,,,,,,,,
,,,,,,,,,,,,,,,,,,,,,,,,,,,,,,,,,
,,,,,,,,,,,,,,,,,,,,,,,,,,,,,,,,,
,,,,,,,,,,,,,,,,,,,,,,,,,,,,,,,,,
,,,,,,,,,,,,,,,,,,,,,,,,,,,,,,,,,
,,,,,,,,,,,,,,,,,,,,,,,,,,,,,,,,,
,,,,,,,,,,,,,,,,,,,,,,,,,,,,,,,,,
,,,,,,,,,,,,,,,,,,,,,,,,,,,,,,,,,
,,,,,,,,,,,,,,,,,,,,,,,,,,,,,,,,,
,,,,,,,,,,,,,,,,,,,,,,,,,,,,,,,,,
,,,,,,,,,,,,,,,,,,,,,,,,,,,,,,,,,
,,,,,,,,,,,,,,,,,,,,,,,,,,,,,,,,,
,,,,,,,,,,,,,,,,,,,,,,,,,,,,,,,,,
,,,,,,,,,,,,,,,,,,,,,,,,,,,,,,,,,
,,,,,,,,,,,,,,,,,,,,,,,,,,,,,,,,,
,,,,,,,,,,,,,,,,,,,,,,,,,,,,,,,,,
,,,,,,,,,,,,,,,,,,,,,,,,,,,,,,,,,
,,,,,,,,,,,,,,,,,,,,,,,,,,,,,,,,,
,,,,,,,,,,,,,,,,,,,,,,,,,,,,,,,,,
,,,,,,,,,,,,,,,,,,,,,,,,,,,,,,,,,
,,,,,,,,,,,,,,,,,,,,,,,,,,,,,,,,,
,,,,,,,,,,,,,,,,,,,,,,,,,,,,,,,,,
,,,,,,,,,,,,,,,,,,,,,,,,,,,,,,,,,
,,,,,,,,,,,,,,,,,,,,,,,,,,,,,,,,,
,,,,,,,,,,,,,,,,,,,,,,,,,,,,,,,,,
,,,,,,,,,,,,,,,,,,,,,,,,,,,,,,,,,
,,,,,,,,,,,,,,,,,,,,,,,,,,,,,,,,,
,,,,,,,,,,,,,,,,,,,,,,,,,,,,,,,,,
,,,,,,,,,,,,,,,,,,,,,,,,,,,,,,,,,
,,,,,,,,,,,,,,,,,,,,,,,,,,,,,,,,,
,,,,,,,,,,,,,,,,,,,,,,,,,,,,,,,,,
,,,,,,,,,,,,,,,,,,,,,,,,,,,,,,,,,
,,,,,,,,,,,,,,,,,,,,,,,,,,,,,,,,,
,,,,,,,,,,,,,,,,,,,,,,,,,,,,,,,,,
,,,,,,,,,,,,,,,,,,,,,,,,,,,,,,,,,
,,,,,,,,,,,,,,,,,,,,,,,,,,,,,,,,,
,,,,,,,,,,,,,,,,,,,,,,,,,,,,,,,,,
,,,,,,,,,,,,,,,,,,,,,,,,,,,,,,,,,
,,,,,,,,,,,,,,,,,,,,,,,,,,,,,,,,,
,,,,,,,,,,,,,,,,,,,,,,,,,,,,,,,,,
,,,,,,,,,,,,,,,,,,,,,,,,,,,,,,,,,
,,,,,,,,,,,,,,,,,,,,,,,,,,,,,,,,,
,,,,,,,,,,,,,,,,,,,,,,,,,,,,,,,,,
,,,,,,,,,,,,,,,,,,,,,,,,,,,,,,,,,
,,,,,,,,,,,,,,,,,,,,,,,,,,,,,,,,,
,,,,,,,,,,,,,,,,,,,,,,,,,,,,,,,,,
,,,,,,,,,,,,,,,,,,,,,,,,,,,,,,,,,
,,,,,,,,,,,,,,,,,,,,,,,,,,,,,,,,,
,,,,,,,,,,,,,,,,,,,,,,,,,,,,,,,,,
,,,,,,,,,,,,,,,,,,,,,,,,,,,,,,,,,
,,,,,,,,,,,,,,,,,,,,,,,,,,,,,,,,,
,,,,,,,,,,,,,,,,,,,,,,,,,,,,,,,,,
,,,,,,,,,,,,,,,,,,,,,,,,,,,,,,,,,
,,,,,,,,,,,,,,,,,,,,,,,,,,,,,,,,,
,,,,,,,,,,,,,,,,,,,,,,,,,,,,,,,,,
,,,,,,,,,,,,,,,,,,,,,,,,,,,,,,,,,
,,,,,,,,,,,,,,,,,,,,,,,,,,,,,,,,,
,,,,,,,,,,,,,,,,,,,,,,,,,,,,,,,,,
,,,,,,,,,,,,,,,,,,,,,,,,,,,,,,,,,
,,,,,,,,,,,,,,,,,,,,,,,,,,,,,,,,,
,,,,,,,,,,,,,,,,,,,,,,,,,,,,,,,,,
,,,,,,,,,,,,,,,,,,,,,,,,,,,,,,,,,
,,,,,,,,,,,,,,,,,,,,,,,,,,,,,,,,,
,,,,,,,,,,,,,,,,,,,,,,,,,,,,,,,,,
,,,,,,,,,,,,,,,,,,,,,,,,,,,,,,,,,
,,,,,,,,,,,,,,,,,,,,,,,,,,,,,,,,,
,,,,,,,,,,,,,,,,,,,,,,,,,,,,,,,,,
,,,,,,,,,,,,,,,,,,,,,,,,,,,,,,,,,
,,,,,,,,,,,,,,,,,,,,,,,,,,,,,,,,,
,,,,,,,,,,,,,,,,,,,,,,,,,,,,,,,,,
,,,,,,,,,,,,,,,,,,,,,,,,,,,,,,,,,
,,,,,,,,,,,,,,,,,,,,,,,,,,,,,,,,,
,,,,,,,,,,,,,,,,,,,,,,,,,,,,,,,,,
,,,,,,,,,,,,,,,,,,,,,,,,,,,,,,,,,
,,,,,,,,,,,,,,,,,,,,,,,,,,,,,,,,,
,,,,,,,,,,,,,,,,,,,,,,,,,,,,,,,,,
,,,,,,,,,,,,,,,,,,,,,,,,,,,,,,,,,
,,,,,,,,,,,,,,,,,,,,,,,,,,,,,,,,,
,,,,,,,,,,,,,,,,,,,,,,,,,,,,,,,,,
,,,,,,,,,,,,,,,,,,,,,,,,,,,,,,,,,
,,,,,,,,,,,,,,,,,,,,,,,,,,,,,,,,,
,,,,,,,,,,,,,,,,,,,,,,,,,,,,,,,,,
,,,,,,,,,,,,,,,,,,,,,,,,,,,,,,,,,
,,,,,,,,,,,,,,,,,,,,,,,,,,,,,,,,,
,,,,,,,,,,,,,,,,,,,,,,,,,,,,,,,,,
,,,,,,,,,,,,,,,,,,,,,,,,,,,,,,,,,
,,,,,,,,,,,,,,,,,,,,,,,,,,,,,,,,,
,,,,,,,,,,,,,,,,,,,,,,,,,,,,,,,,,
,,,,,,,,,,,,,,,,,,,,,,,,,,,,,,,,,
,,,,,,,,,,,,,,,,,,,,,,,,,,,,,,,,,
,,,,,,,,,,,,,,,,,,,,,,,,,,,,,,,,,
,,,,,,,,,,,,,,,,,,,,,,,,,,,,,,,,,
,,,,,,,,,,,,,,,,,,,,,,,,,,,,,,,,,
,,,,,,,,,,,,,,,,,,,,,,,,,,,,,,,,,
,,,,,,,,,,,,,,,,,,,,,,,,,,,,,,,,,
,,,,,,,,,,,,,,,,,,,,,,,,,,,,,,,,,
,,,,,,,,,,,,,,,,,,,,,,,,,,,,,,,,,
,,,,,,,,,,,,,,,,,,,,,,,,,,,,,,,,,
,,,,,,,,,,,,,,,,,,,,,,,,,,,,,,,,,
,,,,,,,,,,,,,,,,,,,,,,,,,,,,,,,,,
,,,,,,,,,,,,,,,,,,,,,,,,,,,,,,,,,
,,,,,,,,,,,,,,,,,,,,,,,,,,,,,,,,,
,,,,,,,,,,,,,,,,,,,,,,,,,,,,,,,,,
,,,,,,,,,,,,,,,,,,,,,,,,,,,,,,,,,
,,,,,,,,,,,,,,,,,,,,,,,,,,,,,,,,,
,,,,,,,,,,,,,,,,,,,,,,,,,,,,,,,,,
,,,,,,,,,,,,,,,,,,,,,,,,,,,,,,,,,
,,,,,,,,,,,,,,,,,,,,,,,,,,,,,,,,,
,,,,,,,,,,,,,,,,,,,,,,,,,,,,,,,,,
,,,,,,,,,,,,,,,,,,,,,,,,,,,,,,,,,
,,,,,,,,,,,,,,,,,,,,,,,,,,,,,,,,,
,,,,,,,,,,,,,,,,,,,,,,,,,,,,,,,,,
,,,,,,,,,,,,,,,,,,,,,,,,,,,,,,,,,
,,,,,,,,,,,,,,,,,,,,,,,,,,,,,,,,,
,,,,,,,,,,,,,,,,,,,,,,,,,,,,,,,,,
,,,,,,,,,,,,,,,,,,,,,,,,,,,,,,,,,
,,,,,,,,,,,,,,,,,,,,,,,,,,,,,,,,,
,,,,,,,,,,,,,,,,,,,,,,,,,,,,,,,,,
,,,,,,,,,,,,,,,,,,,,,,,,,,,,,,,,,
,,,,,,,,,,,,,,,,,,,,,,,,,,,,,,,,,
,,,,,,,,,,,,,,,,,,,,,,,,,,,,,,,,,
,,,,,,,,,,,,,,,,,,,,,,,,,,,,,,,,,
,,,,,,,,,,,,,,,,,,,,,,,,,,,,,,,,,
,,,,,,,,,,,,,,,,,,,,,,,,,,,,,,,,,
,,,,,,,,,,,,,,,,,,,,,,,,,,,,,,,,,
,,,,,,,,,,,,,,,,,,,,,,,,,,,,,,,,,
,,,,,,,,,,,,,,,,,,,,,,,,,,,,,,,,,
,,,,,,,,,,,,,,,,,,,,,,,,,,,,,,,,,
,,,,,,,,,,,,,,,,,,,,,,,,,,,,,,,,,
,,,,,,,,,,,,,,,,,,,,,,,,,,,,,,,,,
,,,,,,,,,,,,,,,,,,,,,,,,,,,,,,,,,
,,,,,,,,,,,,,,,,,,,,,,,,,,,,,,,,,
,,,,,,,,,,,,,,,,,,,,,,,,,,,,,,,,,
,,,,,,,,,,,,,,,,,,,,,,,,,,,,,,,,,
,,,,,,,,,,,,,,,,,,,,,,,,,,,,,,,,,
,,,,,,,,,,,,,,,,,,,,,,,,,,,,,,,,,
,,,,,,,,,,,,,,,,,,,,,,,,,,,,,,,,,
,,,,,,,,,,,,,,,,,,,,,,,,,,,,,,,,,
,,,,,,,,,,,,,,,,,,,,,,,,,,,,,,,,,
,,,,,,,,,,,,,,,,,,,,,,,,,,,,,,,,,
,,,,,,,,,,,,,,,,,,,,,,,,,,,,,,,,,
,,,,,,,,,,,,,,,,,,,,,,,,,,,,,,,,,
,,,,,,,,,,,,,,,,,,,,,,,,,,,,,,,,,
,,,,,,,,,,,,,,,,,,,,,,,,,,,,,,,,,
,,,,,,,,,,,,,,,,,,,,,,,,,,,,,,,,,
,,,,,,,,,,,,,,,,,,,,,,,,,,,,,,,,,
,,,,,,,,,,,,,,,,,,,,,,,,,,,,,,,,,
,,,,,,,,,,,,,,,,,,,,,,,,,,,,,,,,,
,,,,,,,,,,,,,,,,,,,,,,,,,,,,,,,,,
,,,,,,,,,,,,,,,,,,,,,,,,,,,,,,,,,
,,,,,,,,,,,,,,,,,,,,,,,,,,,,,,,,,
,,,,,,,,,,,,,,,,,,,,,,,,,,,,,,,,,
,,,,,,,,,,,,,,,,,,,,,,,,,,,,,,,,,
,,,,,,,,,,,,,,,,,,,,,,,,,,,,,,,,,
,,,,,,,,,,,,,,,,,,,,,,,,,,,,,,,,,
,,,,,,,,,,,,,,,,,,,,,,,,,,,,,,,,,
,,,,,,,,,,,,,,,,,,,,,,,,,,,,,,,,,
,,,,,,,,,,,,,,,,,,,,,,,,,,,,,,,,,
,,,,,,,,,,,,,,,,,,,,,,,,,,,,,,,,,
,,,,,,,,,,,,,,,,,,,,,,,,,,,,,,,,,
,,,,,,,,,,,,,,,,,,,,,,,,,,,,,,,,,
,,,,,,,,,,,,,,,,,,,,,,,,,,,,,,,,,
,,,,,,,,,,,,,,,,,,,,,,,,,,,,,,,,,
,,,,,,,,,,,,,,,,,,,,,,,,,,,,,,,,,
,,,,,,,,,,,,,,,,,,,,,,,,,,,,,,,,,
,,,,,Tibetan,,,,,,,,,,,,,,,,,,,,,,,,,,,,